id,checkin_day,size,orientation,bed,attribute_number,max_guest_number,have_breakfast,cancel_ticket,price
11114,08-01-2019,15,Hướng vườn,1 Giường đôi,11,2,0,1,205000
11114,08-01-2019,20,Hướng vườn,2 Giường đôi,11,4,0,1,205000
11114,09-01-2019,15,Hướng vườn,1 Giường đôi,11,2,0,1,205000
11114,09-01-2019,20,Hướng vườn,2 Giường đôi,11,4,0,1,205000
11114,10-01-2019,15,Hướng vườn,1 Giường đôi,11,2,0,1,205000
11114,10-01-2019,20,Hướng vườn,2 Giường đôi,11,4,0,1,205000
11114,11-01-2019,15,Hướng vườn,1 Giường đôi,11,2,0,1,409000
11114,11-01-2019,20,Hướng vườn,2 Giường đôi,11,4,0,1,409000
11114,12-01-2019,15,Hướng vườn,1 Giường đôi,11,2,0,1,409000
11114,12-01-2019,20,Hướng vườn,2 Giường đôi,11,4,0,1,409000
11114,13-01-2019,15,Hướng vườn,1 Giường đôi,11,2,0,1,409000
11114,13-01-2019,20,Hướng vườn,2 Giường đôi,11,4,0,1,409000
11114,14-01-2019,15,Hướng vườn,1 Giường đôi,11,2,0,1,205000
11114,14-01-2019,20,Hướng vườn,2 Giường đôi,11,4,0,1,205000
263,08-01-2019,20,,1 Giường đôi,14,2,1,1,532000
263,08-01-2019,20,,1 Giường đơn,14,1,1,1,532000
263,09-01-2019,20,,1 Giường đôi,14,2,1,1,532000
263,09-01-2019,20,,1 Giường đơn,14,1,1,1,532000
263,10-01-2019,20,,1 Giường đôi,14,2,1,1,532000
263,10-01-2019,20,,1 Giường đơn,14,1,1,1,532000
263,11-01-2019,20,,1 Giường đôi,14,2,1,1,532000
263,11-01-2019,20,,1 Giường đơn,14,1,1,1,532000
263,12-01-2019,20,,1 Giường đôi,14,2,1,1,532000
263,12-01-2019,20,,1 Giường đơn,14,1,1,1,532000
13801,08-01-2019,20,,1 Giường đôi,8,2,0,1,294000
13801,08-01-2019,25,,1 Giường đôi,8,2,0,1,294000
13801,08-01-2019,26,,2 Giường đôi,8,4,0,1,294000
13801,09-01-2019,20,,1 Giường đôi,8,2,0,1,294000
13801,09-01-2019,25,,1 Giường đôi,8,2,0,1,294000
13801,09-01-2019,26,,2 Giường đôi,8,4,0,1,294000
13801,10-01-2019,20,,1 Giường đôi,8,2,0,1,294000
13801,10-01-2019,25,,1 Giường đôi,8,2,0,1,294000
13801,10-01-2019,26,,2 Giường đôi,8,4,0,1,294000
13801,11-01-2019,20,,1 Giường đôi,8,2,0,1,294000
13801,11-01-2019,25,,1 Giường đôi,8,2,0,1,294000
13801,11-01-2019,26,,2 Giường đôi,8,4,0,1,294000
13801,12-01-2019,20,,1 Giường đôi,8,2,0,1,294000
13801,12-01-2019,25,,1 Giường đôi,8,2,0,1,294000
13801,12-01-2019,26,,2 Giường đôi,8,4,0,1,294000
329,08-01-2019,28,Hướng vườn,1 Giường đơn / 1 Giường đôi,24,2,1,0,3632000
329,08-01-2019,44,Hướng vườn,1 Giường đơn / 1 Giường đôi,24,2,1,0,3632000
329,08-01-2019,44,Hướng vườn,1 Giường đơn / 1 Giường đôi,24,2,1,0,3632000
329,08-01-2019,90,Hướng vườn,1 Giường đơn / 1 Giường đôi,24,2,1,0,3632000
329,09-01-2019,28,Hướng vườn,1 Giường đơn / 1 Giường đôi,24,2,1,0,3632000
329,09-01-2019,44,Hướng vườn,1 Giường đơn / 1 Giường đôi,24,2,1,0,3632000
329,09-01-2019,44,Hướng vườn,1 Giường đơn / 1 Giường đôi,24,2,1,0,3632000
329,09-01-2019,90,Hướng vườn,1 Giường đơn / 1 Giường đôi,24,2,1,0,3632000
329,10-01-2019,28,Hướng vườn,1 Giường đơn / 1 Giường đôi,24,2,1,0,3632000
329,10-01-2019,44,Hướng vườn,1 Giường đơn / 1 Giường đôi,24,2,1,0,3632000
329,10-01-2019,44,Hướng vườn,1 Giường đơn / 1 Giường đôi,24,2,1,0,3632000
329,10-01-2019,90,Hướng vườn,1 Giường đơn / 1 Giường đôi,24,2,1,0,3632000
329,11-01-2019,28,Hướng vườn,1 Giường đơn / 1 Giường đôi,24,2,1,0,3934000
329,11-01-2019,44,Hướng vườn,1 Giường đơn / 1 Giường đôi,24,2,1,0,3934000
329,11-01-2019,44,Hướng vườn,1 Giường đơn / 1 Giường đôi,24,2,1,0,3934000
329,11-01-2019,90,Hướng vườn,1 Giường đơn / 1 Giường đôi,24,2,1,0,3934000
329,12-01-2019,28,Hướng vườn,1 Giường đơn / 1 Giường đôi,24,2,1,0,3934000
329,12-01-2019,44,Hướng vườn,1 Giường đơn / 1 Giường đôi,24,2,1,0,3934000
329,12-01-2019,44,Hướng vườn,1 Giường đơn / 1 Giường đôi,24,2,1,0,3934000
329,12-01-2019,90,Hướng vườn,1 Giường đơn / 1 Giường đôi,24,2,1,0,3934000
986,08-01-2019,29,,1 Giường đôi,24,2,1,1,1044000
986,08-01-2019,29,,1 Giường đôi,24,2,1,1,1044000
986,08-01-2019,34,,1 Giường đôi,24,2,1,1,1044000
986,08-01-2019,34,,1 Giường đôi,24,2,1,1,1044000
986,08-01-2019,52,,1 Giường đôi,24,2,1,1,1044000
986,08-01-2019,52,,1 Giường đôi,24,2,1,1,1044000
986,08-01-2019,60,,1 Giường đôi,24,2,1,1,1044000
986,08-01-2019,60,,1 Giường đôi,24,2,1,1,1044000
986,09-01-2019,29,,1 Giường đôi,24,2,1,1,1044000
986,09-01-2019,29,,1 Giường đôi,24,2,1,1,1044000
986,09-01-2019,34,,1 Giường đôi,24,2,1,1,1044000
986,09-01-2019,34,,1 Giường đôi,24,2,1,1,1044000
986,09-01-2019,52,,1 Giường đôi,24,2,1,1,1044000
986,09-01-2019,52,,1 Giường đôi,24,2,1,1,1044000
986,09-01-2019,60,,1 Giường đôi,24,2,1,1,1044000
986,09-01-2019,60,,1 Giường đôi,24,2,1,1,1044000
986,10-01-2019,29,,1 Giường đôi,24,2,1,1,1044000
986,10-01-2019,29,,1 Giường đôi,24,2,1,1,1044000
986,10-01-2019,34,,1 Giường đôi,24,2,1,1,1044000
986,10-01-2019,34,,1 Giường đôi,24,2,1,1,1044000
986,10-01-2019,52,,1 Giường đôi,24,2,1,1,1044000
986,10-01-2019,52,,1 Giường đôi,24,2,1,1,1044000
986,10-01-2019,60,,1 Giường đôi,24,2,1,1,1044000
986,10-01-2019,60,,1 Giường đôi,24,2,1,1,1044000
986,11-01-2019,29,,1 Giường đôi,24,2,1,1,1044000
986,11-01-2019,29,,1 Giường đôi,24,2,1,0,1044000
986,11-01-2019,34,,1 Giường đôi,24,2,1,0,1044000
986,11-01-2019,34,,1 Giường đôi,24,2,1,1,1044000
986,11-01-2019,52,,1 Giường đôi,24,2,1,0,1044000
986,11-01-2019,52,,1 Giường đôi,24,2,1,1,1044000
986,11-01-2019,60,,1 Giường đôi,24,2,1,0,1044000
986,11-01-2019,60,,1 Giường đôi,24,2,1,1,1044000
986,12-01-2019,29,,1 Giường đôi,24,2,1,1,1044000
986,12-01-2019,29,,1 Giường đôi,24,2,1,0,1044000
986,12-01-2019,34,,1 Giường đôi,24,2,1,0,1044000
986,12-01-2019,34,,1 Giường đôi,24,2,1,1,1044000
986,12-01-2019,52,,1 Giường đôi,24,2,1,0,1044000
986,12-01-2019,52,,1 Giường đôi,24,2,1,1,1044000
986,12-01-2019,60,,1 Giường đôi,24,2,1,0,1044000
986,12-01-2019,60,,1 Giường đôi,24,2,1,1,1044000
385,08-01-2019,27,,2 Giường đơn,21,2,1,1,972000
385,08-01-2019,44,,2 Giường đơn / 1 Giường đôi,21,2,1,1,972000
385,08-01-2019,44,,1 Giường đôi / 2 Giường đơn,21,2,1,1,972000
385,08-01-2019,60,,,21,0,1,1,972000
385,09-01-2019,27,,2 Giường đơn,21,2,1,1,911000
385,09-01-2019,27,,2 Giường đơn,21,2,1,1,911000
385,09-01-2019,44,,2 Giường đơn / 1 Giường đôi,21,2,1,1,911000
385,09-01-2019,44,,1 Giường đôi / 2 Giường đơn,21,2,1,1,911000
385,09-01-2019,60,,,21,0,1,1,911000
385,10-01-2019,27,,2 Giường đơn,21,2,1,1,972000
385,10-01-2019,44,,1 Giường đôi / 2 Giường đơn,21,2,1,1,972000
385,10-01-2019,60,,,21,0,1,1,972000
385,11-01-2019,27,,2 Giường đơn,21,2,1,1,972000
385,11-01-2019,44,,1 Giường đôi / 2 Giường đơn,21,2,1,1,972000
385,11-01-2019,60,,,21,0,1,1,972000
385,12-01-2019,44,,1 Giường đôi / 2 Giường đơn,21,2,1,1,1504000
385,12-01-2019,60,,,21,0,1,1,1504000
387,09-01-2019,28,,1 Giường đôi,26,2,1,0,1740000
387,09-01-2019,28,,1 Giường đôi,26,2,1,1,1740000
387,09-01-2019,28,Có cửa sổ (không hướng),2 Giường đơn,26,2,1,0,1740000
387,09-01-2019,28,Có cửa sổ (không hướng),2 Giường đơn,26,2,1,1,1740000
387,09-01-2019,37,,1 Giường đôi,26,2,1,0,1740000
387,10-01-2019,28,,1 Giường đôi,26,2,1,0,1740000
387,10-01-2019,28,,1 Giường đôi,26,2,1,1,1740000
387,10-01-2019,28,Có cửa sổ (không hướng),2 Giường đơn,26,2,1,0,1740000
387,10-01-2019,28,Có cửa sổ (không hướng),2 Giường đơn,26,2,1,1,1740000
387,10-01-2019,37,,1 Giường đôi,26,2,1,0,1740000
388,09-01-2019,36,,2 Giường đơn,24,2,1,1,1249000
388,09-01-2019,38,,1 Giường đơn + 1 Giường đôi,24,2,1,1,1249000
388,09-01-2019,52,,1 Giường đôi,24,2,1,1,1249000
388,10-01-2019,36,,2 Giường đơn,24,2,1,1,1249000
388,10-01-2019,38,,1 Giường đơn + 1 Giường đôi,24,2,1,1,1249000
388,10-01-2019,52,,1 Giường đôi,24,2,1,1,1249000
389,08-01-2019,25,,1 Giường đôi,24,2,1,1,959000
389,08-01-2019,68,,,24,2,1,1,959000
389,08-01-2019,80,,,24,2,1,1,959000
389,09-01-2019,25,,1 Giường đôi,24,2,1,1,959000
389,09-01-2019,68,,,24,2,1,1,959000
389,09-01-2019,80,,,24,2,1,1,959000
389,10-01-2019,25,,1 Giường đôi,24,2,1,1,959000
389,10-01-2019,68,,,24,2,1,1,959000
389,10-01-2019,80,,,24,2,1,1,959000
389,11-01-2019,68,,,24,2,1,1,2472000
389,11-01-2019,80,,,24,2,1,1,2472000
389,12-01-2019,25,,1 Giường đôi,24,2,1,1,959000
389,12-01-2019,68,,,24,2,1,1,959000
389,12-01-2019,80,,,24,2,1,1,959000
474,08-01-2019,32,Hướng phố,2 Giường đơn,17,2,1,1,666000
474,08-01-2019,32,Hướng phố,1 Giường đôi,17,2,1,1,666000
474,09-01-2019,32,Hướng phố,2 Giường đơn,17,2,1,1,666000
474,09-01-2019,32,Hướng phố,1 Giường đôi,17,2,1,1,666000
474,10-01-2019,32,Hướng phố,2 Giường đơn,17,2,1,1,666000
474,10-01-2019,32,Hướng phố,1 Giường đôi,17,2,1,1,666000
474,11-01-2019,32,Hướng phố,2 Giường đơn,17,2,1,1,666000
474,11-01-2019,32,Hướng phố,1 Giường đôi,17,2,1,1,666000
474,12-01-2019,32,Hướng phố,2 Giường đơn,17,2,1,1,666000
474,12-01-2019,32,Hướng phố,1 Giường đôi,17,2,1,1,666000
477,08-01-2019,19,Hướng phố,1 Giường đôi,22,2,1,0,1110000
477,08-01-2019,26,Hướng phố,1 Giường đôi,22,2,1,0,1110000
477,08-01-2019,36,Hướng phố,1 Giường đôi,22,2,1,0,1110000
477,08-01-2019,40,Hướng phố,1 Giường đôi,22,2,1,0,1110000
477,09-01-2019,19,Hướng phố,1 Giường đôi,22,2,1,0,1110000
477,09-01-2019,26,Hướng phố,1 Giường đôi,22,2,1,0,1110000
477,09-01-2019,36,Hướng phố,1 Giường đôi,22,2,1,0,1110000
477,09-01-2019,40,Hướng phố,1 Giường đôi,22,2,1,0,1110000
477,10-01-2019,19,Hướng phố,1 Giường đôi,22,2,1,0,1110000
477,10-01-2019,26,Hướng phố,1 Giường đôi,22,2,1,0,1110000
477,10-01-2019,36,Hướng phố,1 Giường đôi,22,2,1,0,1110000
477,10-01-2019,40,Hướng phố,1 Giường đôi,22,2,1,0,1110000
477,11-01-2019,19,Hướng phố,1 Giường đôi,22,2,1,0,1211000
477,11-01-2019,26,Hướng phố,1 Giường đôi,22,2,1,0,1211000
477,11-01-2019,36,Hướng phố,1 Giường đôi,22,2,1,0,1211000
477,11-01-2019,40,Hướng phố,1 Giường đôi,22,2,1,0,1211000
477,12-01-2019,19,Hướng phố,1 Giường đôi,22,2,1,0,1211000
477,12-01-2019,26,Hướng phố,1 Giường đôi,22,2,1,0,1211000
477,12-01-2019,36,Hướng phố,1 Giường đôi,22,2,1,0,1211000
477,12-01-2019,40,Hướng phố,1 Giường đôi,22,2,1,0,1211000
484,08-01-2019,22,Có cửa sổ (không hướng),1 Giường đôi,16,2,0,0,566000
484,08-01-2019,35,Hướng vườn,2 Giường đôi,16,3,0,0,566000
484,08-01-2019,40,Có cửa sổ (không hướng),2 Giường đôi,16,3,0,0,566000
484,09-01-2019,22,Có cửa sổ (không hướng),1 Giường đôi,16,2,0,0,566000
484,09-01-2019,35,Hướng vườn,2 Giường đôi,16,3,0,0,566000
484,09-01-2019,40,Có cửa sổ (không hướng),2 Giường đôi,16,3,0,0,566000
484,10-01-2019,22,Có cửa sổ (không hướng),1 Giường đôi,16,2,0,0,566000
484,10-01-2019,35,Hướng vườn,2 Giường đôi,16,3,0,0,566000
484,10-01-2019,40,Có cửa sổ (không hướng),2 Giường đôi,16,3,0,0,566000
484,11-01-2019,22,Có cửa sổ (không hướng),1 Giường đôi,16,2,0,0,566000
484,11-01-2019,35,Hướng vườn,2 Giường đôi,16,3,0,0,566000
484,11-01-2019,40,Có cửa sổ (không hướng),2 Giường đôi,16,3,0,0,566000
484,12-01-2019,22,Có cửa sổ (không hướng),1 Giường đôi,16,2,0,0,566000
484,12-01-2019,35,Hướng vườn,2 Giường đôi,16,3,0,0,566000
484,12-01-2019,40,Có cửa sổ (không hướng),2 Giường đôi,16,3,0,0,566000
488,08-01-2019,29,,2 Giường đơn,14,2,1,1,766000
488,08-01-2019,32,,1 Giường đôi / 2 Giường đơn,14,2,1,1,766000
488,08-01-2019,40,,1 Giường đôi,14,2,1,1,766000
488,08-01-2019,45,,1 Giường đôi,14,2,1,1,766000
488,09-01-2019,29,,2 Giường đơn,14,2,1,1,766000
488,09-01-2019,32,,1 Giường đôi / 2 Giường đơn,14,2,1,1,766000
488,09-01-2019,40,,1 Giường đôi,14,2,1,1,766000
488,09-01-2019,45,,1 Giường đôi,14,2,1,1,766000
488,10-01-2019,29,,2 Giường đơn,14,2,1,1,766000
488,10-01-2019,32,,1 Giường đôi / 2 Giường đơn,14,2,1,1,766000
488,10-01-2019,40,,1 Giường đôi,14,2,1,1,766000
488,10-01-2019,45,,1 Giường đôi,14,2,1,1,766000
488,11-01-2019,29,,2 Giường đơn,14,2,1,1,766000
488,11-01-2019,32,,1 Giường đôi / 2 Giường đơn,14,2,1,1,766000
488,11-01-2019,40,,1 Giường đôi,14,2,1,1,766000
488,11-01-2019,45,,1 Giường đôi,14,2,1,1,766000
488,12-01-2019,29,,2 Giường đơn,14,2,1,1,766000
488,12-01-2019,32,,1 Giường đôi / 2 Giường đơn,14,2,1,1,766000
488,12-01-2019,40,,1 Giường đôi,14,2,1,1,766000
488,12-01-2019,45,,1 Giường đôi,14,2,1,1,766000
490,08-01-2019,25,,1 Giường đôi / 2 Giường đơn,11,2,0,1,410000
490,08-01-2019,25,,2 Giường đơn,11,2,0,1,410000
490,08-01-2019,25,Hướng phố,1 Giường đôi,11,2,0,1,410000
490,08-01-2019,40,Hướng phố,1 Giường đơn + 1 Giường đôi,11,3,0,1,410000
490,08-01-2019,42,Hướng phố,2 Giường đôi,11,4,0,1,410000
490,09-01-2019,25,,1 Giường đôi / 2 Giường đơn,11,2,0,1,410000
490,09-01-2019,25,,2 Giường đơn,11,2,0,1,410000
490,09-01-2019,25,Hướng phố,1 Giường đôi,11,2,0,1,410000
490,09-01-2019,40,Hướng phố,1 Giường đơn + 1 Giường đôi,11,3,0,1,410000
490,09-01-2019,42,Hướng phố,2 Giường đôi,11,4,0,1,410000
490,10-01-2019,25,,1 Giường đôi / 2 Giường đơn,11,2,0,1,410000
490,10-01-2019,25,,2 Giường đơn,11,2,0,1,410000
490,10-01-2019,25,Hướng phố,1 Giường đôi,11,2,0,1,410000
490,10-01-2019,40,Hướng phố,1 Giường đơn + 1 Giường đôi,11,3,0,1,410000
490,10-01-2019,42,Hướng phố,2 Giường đôi,11,4,0,1,410000
490,11-01-2019,25,,1 Giường đôi / 2 Giường đơn,11,2,0,1,410000
490,11-01-2019,25,,2 Giường đơn,11,2,0,1,410000
490,11-01-2019,25,Hướng phố,1 Giường đôi,11,2,0,1,410000
490,11-01-2019,40,Hướng phố,1 Giường đơn + 1 Giường đôi,11,3,0,1,410000
490,11-01-2019,42,Hướng phố,2 Giường đôi,11,4,0,1,410000
490,12-01-2019,25,,1 Giường đôi / 2 Giường đơn,11,2,0,1,410000
490,12-01-2019,25,,2 Giường đơn,11,2,0,1,410000
490,12-01-2019,25,Hướng phố,1 Giường đôi,11,2,0,1,410000
490,12-01-2019,40,Hướng phố,1 Giường đơn + 1 Giường đôi,11,3,0,1,410000
490,12-01-2019,42,Hướng phố,2 Giường đôi,11,4,0,1,410000
4277,08-01-2019,30,,1 Giường đôi,14,2,1,1,614000
4277,08-01-2019,30,,2 Giường đơn,14,2,1,1,614000
4277,09-01-2019,30,,1 Giường đôi,14,2,1,1,614000
4277,09-01-2019,30,,2 Giường đơn,14,2,1,1,614000
4277,11-01-2019,30,,1 Giường đôi,14,2,1,1,665000
4277,11-01-2019,30,,2 Giường đơn,14,2,1,1,665000
585,08-01-2019,22,,1 Giường đôi,17,2,1,1,545000
585,08-01-2019,22,,2 Giường đơn,17,2,1,1,545000
585,08-01-2019,22,,2 Giường đôi,17,4,1,1,545000
585,08-01-2019,25,,1 Giường đôi,17,2,1,1,545000
585,09-01-2019,22,,1 Giường đôi,17,2,1,1,545000
585,09-01-2019,22,,2 Giường đơn,17,2,1,1,545000
585,09-01-2019,22,,2 Giường đôi,17,4,1,1,545000
585,09-01-2019,25,,1 Giường đôi,17,2,1,1,545000
585,10-01-2019,22,,1 Giường đôi,17,2,1,1,545000
585,10-01-2019,22,,2 Giường đơn,17,2,1,1,545000
585,10-01-2019,22,,2 Giường đôi,17,4,1,1,545000
585,10-01-2019,25,,1 Giường đôi,17,2,1,1,545000
585,11-01-2019,22,,1 Giường đôi,17,2,1,1,545000
585,11-01-2019,22,,2 Giường đơn,17,2,1,1,545000
585,11-01-2019,22,,2 Giường đôi,17,4,1,1,545000
585,11-01-2019,25,,1 Giường đôi,17,2,1,1,545000
585,12-01-2019,22,,1 Giường đôi,17,2,1,1,545000
585,12-01-2019,22,,2 Giường đơn,17,2,1,1,545000
585,12-01-2019,22,,2 Giường đôi,17,4,1,1,545000
585,12-01-2019,25,,1 Giường đôi,17,2,1,1,545000
13376,08-01-2019,11,,1 Giường đôi,6,2,0,0,354000
13376,08-01-2019,20,,1 Giường đôi,6,2,0,0,354000
13376,08-01-2019,25,,1 Giường đôi,6,2,0,0,354000
13376,08-01-2019,30,Hướng phố,1 Giường đôi,6,2,0,0,354000
13376,08-01-2019,30,,2 Giường đôi,6,4,0,0,354000
13376,08-01-2019,40,Hướng phố,1 Giường đôi,6,2,0,0,354000
13376,09-01-2019,11,,1 Giường đôi,6,2,0,0,354000
13376,09-01-2019,20,,1 Giường đôi,6,2,0,0,354000
13376,09-01-2019,25,,1 Giường đôi,6,2,0,0,354000
13376,09-01-2019,30,Hướng phố,1 Giường đôi,6,2,0,0,354000
13376,09-01-2019,30,,2 Giường đôi,6,4,0,0,354000
13376,09-01-2019,40,Hướng phố,1 Giường đôi,6,2,0,0,354000
13376,10-01-2019,11,,1 Giường đôi,6,2,0,0,354000
13376,10-01-2019,20,,1 Giường đôi,6,2,0,0,354000
13376,10-01-2019,25,,1 Giường đôi,6,2,0,0,354000
13376,10-01-2019,30,Hướng phố,1 Giường đôi,6,2,0,0,354000
13376,10-01-2019,30,,2 Giường đôi,6,4,0,0,354000
13376,10-01-2019,40,Hướng phố,1 Giường đôi,6,2,0,0,354000
13376,11-01-2019,11,,1 Giường đôi,6,2,0,0,404000
13376,11-01-2019,20,,1 Giường đôi,6,2,0,0,404000
13376,11-01-2019,25,,1 Giường đôi,6,2,0,0,404000
13376,11-01-2019,30,Hướng phố,1 Giường đôi,6,2,0,0,404000
13376,11-01-2019,30,,2 Giường đôi,6,4,0,0,404000
13376,11-01-2019,40,Hướng phố,1 Giường đôi,6,2,0,0,404000
13376,12-01-2019,11,,1 Giường đôi,6,2,0,0,404000
13376,12-01-2019,20,,1 Giường đôi,6,2,0,0,404000
13376,12-01-2019,25,,1 Giường đôi,6,2,0,0,404000
13376,12-01-2019,30,Hướng phố,1 Giường đôi,6,2,0,0,404000
13376,12-01-2019,30,,2 Giường đôi,6,4,0,0,404000
13376,12-01-2019,40,Hướng phố,1 Giường đôi,6,2,0,0,404000
13647,08-01-2019,18,,1 Giường đôi,11,2,0,1,261000
13647,08-01-2019,22,Hướng phố,1 Giường đôi,11,2,0,1,261000
13647,08-01-2019,22,,2 Giường đôi,11,4,0,1,261000
13647,08-01-2019,30,Hướng phố,2 Giường đôi,11,4,0,1,261000
13647,08-01-2019,32,,3 Giường đôi,11,6,0,1,261000
13647,08-01-2019,35,Hướng phố,3 Giường đôi,11,6,0,1,261000
13647,09-01-2019,18,,1 Giường đôi,11,2,0,1,261000
13647,09-01-2019,22,Hướng phố,1 Giường đôi,11,2,0,1,261000
13647,09-01-2019,22,,2 Giường đôi,11,4,0,1,261000
13647,09-01-2019,30,Hướng phố,2 Giường đôi,11,4,0,1,261000
13647,09-01-2019,32,,3 Giường đôi,11,6,0,1,261000
13647,09-01-2019,35,Hướng phố,3 Giường đôi,11,6,0,1,261000
13647,10-01-2019,18,,1 Giường đôi,11,2,0,1,261000
13647,10-01-2019,22,Hướng phố,1 Giường đôi,11,2,0,1,261000
13647,10-01-2019,22,,2 Giường đôi,11,4,0,1,261000
13647,10-01-2019,30,Hướng phố,2 Giường đôi,11,4,0,1,261000
13647,10-01-2019,32,,3 Giường đôi,11,6,0,1,261000
13647,10-01-2019,35,Hướng phố,3 Giường đôi,11,6,0,1,261000
13647,11-01-2019,18,,1 Giường đôi,11,2,0,1,305000
13647,11-01-2019,22,Hướng phố,1 Giường đôi,11,2,0,1,305000
13647,11-01-2019,22,,2 Giường đôi,11,4,0,1,305000
13647,11-01-2019,30,Hướng phố,2 Giường đôi,11,4,0,1,305000
13647,11-01-2019,32,,3 Giường đôi,11,6,0,1,305000
13647,11-01-2019,35,Hướng phố,3 Giường đôi,11,6,0,1,305000
13647,12-01-2019,22,,2 Giường đôi,11,4,0,1,479000
13647,12-01-2019,18,,1 Giường đôi,11,2,0,1,479000
13647,12-01-2019,22,Hướng phố,1 Giường đôi,11,2,0,1,479000
13647,12-01-2019,30,Hướng phố,2 Giường đôi,11,4,0,1,479000
13647,12-01-2019,32,,3 Giường đôi,11,6,0,1,479000
13647,12-01-2019,35,Hướng phố,3 Giường đôi,11,6,0,1,479000
695,08-01-2019,25,Hướng vườn,1 Giường đôi / 2 Giường đơn,14,2,1,1,858000
695,08-01-2019,40,Hướng một phần,2 Giường đơn,14,2,1,1,858000
695,09-01-2019,25,Hướng vườn,1 Giường đôi / 2 Giường đơn,14,2,1,1,858000
695,09-01-2019,40,Hướng một phần,2 Giường đơn,14,2,1,1,858000
695,10-01-2019,25,Hướng vườn,1 Giường đôi / 2 Giường đơn,14,2,1,1,858000
695,10-01-2019,40,Hướng một phần,2 Giường đơn,14,2,1,1,858000
695,11-01-2019,25,Hướng vườn,1 Giường đôi / 2 Giường đơn,14,2,1,1,959000
695,11-01-2019,40,Hướng một phần,2 Giường đơn,14,2,1,1,959000
695,12-01-2019,25,Hướng vườn,1 Giường đôi / 2 Giường đơn,14,2,1,1,959000
695,12-01-2019,40,Hướng một phần,2 Giường đơn,14,2,1,1,959000
1092,08-01-2019,30,Hướng phố,2 Giường đơn / 1 Giường đôi,16,2,1,1,596000
1092,08-01-2019,30,Hướng phố,1 Giường đơn + 1 Giường đôi,16,3,1,1,596000
1092,08-01-2019,35,Hướng phố,1 Giường đôi,16,2,1,1,596000
1092,08-01-2019,30,Hướng phố,2 Giường đôi,16,4,1,1,596000
1092,09-01-2019,30,Hướng phố,2 Giường đơn / 1 Giường đôi,16,2,1,1,596000
1092,09-01-2019,30,Hướng phố,1 Giường đơn + 1 Giường đôi,16,3,1,1,596000
1092,09-01-2019,35,Hướng phố,1 Giường đôi,16,2,1,1,596000
1092,09-01-2019,30,Hướng phố,2 Giường đôi,16,4,1,1,596000
1092,10-01-2019,30,Hướng phố,2 Giường đơn / 1 Giường đôi,16,2,1,0,596000
1092,10-01-2019,30,Hướng phố,1 Giường đơn + 1 Giường đôi,16,3,1,0,596000
1092,10-01-2019,35,Hướng phố,1 Giường đôi,16,2,1,0,596000
1092,10-01-2019,30,Hướng phố,2 Giường đôi,16,4,1,0,596000
1092,11-01-2019,30,Hướng phố,2 Giường đơn / 1 Giường đôi,16,2,1,0,596000
1092,11-01-2019,30,Hướng phố,1 Giường đơn + 1 Giường đôi,16,3,1,0,596000
1092,11-01-2019,35,Hướng phố,1 Giường đôi,16,2,1,0,596000
1092,11-01-2019,30,Hướng phố,2 Giường đôi,16,4,1,0,596000
1092,12-01-2019,30,Hướng phố,2 Giường đơn / 1 Giường đôi,16,2,1,0,596000
1092,12-01-2019,30,Hướng phố,1 Giường đơn + 1 Giường đôi,16,3,1,0,596000
1092,12-01-2019,35,Hướng phố,1 Giường đôi,16,2,1,0,596000
1092,12-01-2019,30,Hướng phố,2 Giường đôi,16,4,1,0,596000
1101,08-01-2019,18,Hướng một phần,2 Giường đôi,14,2,0,1,392000
1101,08-01-2019,20,Hướng phố,2 Giường đôi,14,4,0,1,392000
1101,08-01-2019,25,Hướng một phần,3 Giường đôi,14,6,0,1,392000
1101,09-01-2019,16,Hướng phố,1 Giường đôi lớn,14,2,0,1,261000
1101,09-01-2019,18,Hướng một phần,2 Giường đôi,14,2,0,1,261000
1101,09-01-2019,20,Hướng phố,2 Giường đôi,14,4,0,1,261000
1101,09-01-2019,25,Hướng một phần,3 Giường đôi,14,6,0,1,261000
1101,10-01-2019,16,Hướng phố,1 Giường đôi lớn,14,2,0,1,261000
1101,10-01-2019,18,Hướng một phần,2 Giường đôi,14,2,0,1,261000
1101,10-01-2019,20,Hướng phố,2 Giường đôi,14,4,0,1,261000
1101,10-01-2019,25,Hướng một phần,3 Giường đôi,14,6,0,1,261000
1101,11-01-2019,16,Hướng phố,1 Giường đôi lớn,14,2,0,1,307000
1101,11-01-2019,18,Hướng một phần,2 Giường đôi,14,2,0,1,307000
1101,11-01-2019,20,Hướng phố,2 Giường đôi,14,4,0,1,307000
1101,11-01-2019,25,Hướng một phần,3 Giường đôi,14,6,0,1,307000
1101,12-01-2019,16,Hướng phố,1 Giường đôi lớn,14,2,0,1,307000
1101,12-01-2019,18,Hướng một phần,2 Giường đôi,14,2,0,1,307000
1101,12-01-2019,20,Hướng phố,2 Giường đôi,14,4,0,1,307000
1101,12-01-2019,25,Hướng một phần,3 Giường đôi,14,6,0,1,307000
1117,08-01-2019,39,Hướng phố,1 Giường đôi / 2 Giường đơn,12,2,1,0,891000
1117,08-01-2019,39,Hướng phố,1 Giường đôi,12,2,1,0,891000
1117,08-01-2019,39,Hướng phố,2 Giường đơn,12,2,1,0,891000
1117,08-01-2019,55,Hướng phố,1 Giường đôi,12,2,1,0,891000
1117,08-01-2019,63,Hướng phố,1 Giường đôi,12,2,1,0,891000
1117,08-01-2019,45,,1 Giường đơn + 1 Giường đôi,12,3,1,0,891000
1117,08-01-2019,72,Hướng phố,1 Giường đôi,12,2,1,0,891000
1117,09-01-2019,39,Hướng phố,1 Giường đôi / 2 Giường đơn,12,2,1,0,891000
1117,09-01-2019,39,Hướng phố,1 Giường đôi,12,2,1,0,891000
1117,09-01-2019,39,Hướng phố,2 Giường đơn,12,2,1,0,891000
1117,09-01-2019,55,Hướng phố,1 Giường đôi,12,2,1,0,891000
1117,09-01-2019,63,Hướng phố,1 Giường đôi,12,2,1,0,891000
1117,09-01-2019,45,,1 Giường đơn + 1 Giường đôi,12,3,1,0,891000
1117,09-01-2019,72,Hướng phố,1 Giường đôi,12,2,1,0,891000
1117,10-01-2019,63,Hướng phố,1 Giường đôi,12,2,1,1,1827000
1117,10-01-2019,72,Hướng phố,1 Giường đôi,12,2,1,1,1827000
1117,11-01-2019,39,Hướng phố,2 Giường đơn,12,2,1,1,1370000
1117,11-01-2019,63,Hướng phố,1 Giường đôi,12,2,1,1,1370000
1117,11-01-2019,72,Hướng phố,1 Giường đôi,12,2,1,1,1370000
1117,12-01-2019,39,Hướng phố,1 Giường đôi / 2 Giường đơn,12,2,1,0,1096000
1117,12-01-2019,39,Hướng phố,1 Giường đôi,12,2,1,0,1096000
1117,12-01-2019,39,Hướng phố,2 Giường đơn,12,2,1,0,1096000
1117,12-01-2019,55,Hướng phố,1 Giường đôi,12,2,1,0,1096000
1117,12-01-2019,63,Hướng phố,1 Giường đôi,12,2,1,0,1096000
1117,12-01-2019,45,,1 Giường đơn + 1 Giường đôi,12,3,1,0,1096000
1117,12-01-2019,72,Hướng phố,1 Giường đôi,12,2,1,0,1096000
1148,08-01-2019,20,Hướng phố,1 Giường đôi,16,2,1,1,923000
1148,08-01-2019,25,Hướng phố,1 Giường đôi,16,2,1,1,923000
1148,08-01-2019,35,Hướng vườn,1 Giường đôi,16,2,1,1,923000
1148,08-01-2019,35,Hướng vườn,2 Giường đơn,16,2,1,1,923000
1148,08-01-2019,35,Hướng vườn,1 Giường đôi lớn,16,2,1,1,923000
1148,08-01-2019,35,Hướng vườn,2 Giường đơn,16,2,1,1,923000
1148,08-01-2019,45,Hướng vườn,1 Giường đôi rất lớn,16,2,1,1,923000
1148,08-01-2019,60,Hướng vườn,1 Giường đôi rất lớn,16,2,1,1,923000
1148,09-01-2019,20,Hướng phố,1 Giường đôi,16,2,1,1,923000
1148,09-01-2019,25,Hướng phố,1 Giường đôi,16,2,1,1,923000
1148,09-01-2019,35,Hướng vườn,1 Giường đôi,16,2,1,1,923000
1148,09-01-2019,35,Hướng vườn,2 Giường đơn,16,2,1,1,923000
1148,09-01-2019,35,Hướng vườn,1 Giường đôi lớn,16,2,1,1,923000
1148,09-01-2019,35,Hướng vườn,2 Giường đơn,16,2,1,1,923000
1148,09-01-2019,45,Hướng vườn,1 Giường đôi rất lớn,16,2,1,1,923000
1148,09-01-2019,60,Hướng vườn,1 Giường đôi rất lớn,16,2,1,1,923000
1148,10-01-2019,20,Hướng phố,1 Giường đôi,16,2,1,1,923000
1148,10-01-2019,25,Hướng phố,1 Giường đôi,16,2,1,1,923000
1148,10-01-2019,35,Hướng vườn,1 Giường đôi,16,2,1,1,923000
1148,10-01-2019,35,Hướng vườn,2 Giường đơn,16,2,1,1,923000
1148,10-01-2019,35,Hướng vườn,1 Giường đôi lớn,16,2,1,1,923000
1148,10-01-2019,35,Hướng vườn,2 Giường đơn,16,2,1,1,923000
1148,10-01-2019,45,Hướng vườn,1 Giường đôi rất lớn,16,2,1,1,923000
1148,10-01-2019,60,Hướng vườn,1 Giường đôi rất lớn,16,2,1,1,923000
1148,11-01-2019,20,Hướng phố,1 Giường đôi,16,2,1,1,923000
1148,11-01-2019,25,Hướng phố,1 Giường đôi,16,2,1,1,923000
1148,11-01-2019,35,Hướng vườn,1 Giường đôi,16,2,1,1,923000
1148,11-01-2019,35,Hướng vườn,2 Giường đơn,16,2,1,1,923000
1148,11-01-2019,35,Hướng vườn,1 Giường đôi lớn,16,2,1,1,923000
1148,11-01-2019,35,Hướng vườn,2 Giường đơn,16,2,1,1,923000
1148,11-01-2019,45,Hướng vườn,1 Giường đôi rất lớn,16,2,1,1,923000
1148,11-01-2019,60,Hướng vườn,1 Giường đôi rất lớn,16,2,1,1,923000
1148,12-01-2019,20,Hướng phố,1 Giường đôi,16,2,1,1,923000
1148,12-01-2019,25,Hướng phố,1 Giường đôi,16,2,1,1,923000
1148,12-01-2019,35,Hướng vườn,1 Giường đôi,16,2,1,1,923000
1148,12-01-2019,35,Hướng vườn,2 Giường đơn,16,2,1,1,923000
1148,12-01-2019,35,Hướng vườn,1 Giường đôi lớn,16,2,1,1,923000
1148,12-01-2019,35,Hướng vườn,2 Giường đơn,16,2,1,1,923000
1148,12-01-2019,45,Hướng vườn,1 Giường đôi rất lớn,16,2,1,1,923000
1148,12-01-2019,60,Hướng vườn,1 Giường đôi rất lớn,16,2,1,1,923000
11454,08-01-2019,50,,1 Giường đơn + 1 Giường đôi,13,2,0,1,1049000
11454,08-01-2019,15,,1 Giường đôi,13,2,0,1,1049000
11454,08-01-2019,15,,1 Giường đôi,13,2,0,1,1049000
11454,08-01-2019,15,,2 Giường đơn,13,2,0,1,1049000
11454,08-01-2019,20,,1 Giường đôi,13,2,0,1,1049000
11454,09-01-2019,50,,1 Giường đơn + 1 Giường đôi,13,2,0,1,1049000
11454,09-01-2019,15,,1 Giường đôi,13,2,0,1,1049000
11454,09-01-2019,15,,1 Giường đôi,13,2,0,1,1049000
11454,09-01-2019,15,,2 Giường đơn,13,2,0,1,1049000
11454,09-01-2019,20,,1 Giường đôi,13,2,0,1,1049000
11454,10-01-2019,50,,1 Giường đơn + 1 Giường đôi,13,2,0,1,1049000
11454,10-01-2019,15,,1 Giường đôi,13,2,0,1,1049000
11454,10-01-2019,15,,1 Giường đôi,13,2,0,1,1049000
11454,10-01-2019,15,,2 Giường đơn,13,2,0,1,1049000
11454,10-01-2019,20,,1 Giường đôi,13,2,0,1,1049000
11454,11-01-2019,50,,1 Giường đơn + 1 Giường đôi,13,2,0,1,1049000
11454,11-01-2019,15,,1 Giường đôi,13,2,0,1,1049000
11454,11-01-2019,15,,1 Giường đôi,13,2,0,1,1049000
11454,11-01-2019,15,,2 Giường đơn,13,2,0,1,1049000
11454,11-01-2019,20,,1 Giường đôi,13,2,0,1,1049000
11454,12-01-2019,50,,1 Giường đơn + 1 Giường đôi,13,2,0,1,1049000
11454,12-01-2019,15,,1 Giường đôi,13,2,0,1,1049000
11454,12-01-2019,15,,1 Giường đôi,13,2,0,1,1049000
11454,12-01-2019,15,,2 Giường đơn,13,2,0,1,1049000
11454,12-01-2019,20,,1 Giường đôi,13,2,0,1,1049000
1443,08-01-2019,15,,1 Giường đôi,13,2,0,1,359000
1443,08-01-2019,15,,1 Giường đôi,13,1,0,1,359000
1443,08-01-2019,20,,2 Giường đôi,13,3,0,1,359000
1443,08-01-2019,20,,2 Giường đôi,13,4,0,1,359000
11821,09-01-2019,20,,1 Giường đôi,8,2,0,1,218000
11821,09-01-2019,18,,1 Giường đôi,8,1,0,1,218000
11821,09-01-2019,30,Hướng phố,2 Giường đôi lớn,8,3,0,1,218000
11821,09-01-2019,30,Hướng phố,2 Giường đôi,8,4,0,1,218000
11821,10-01-2019,20,,1 Giường đôi,8,2,0,1,218000
11821,10-01-2019,18,,1 Giường đôi,8,1,0,1,218000
11821,10-01-2019,30,Hướng phố,2 Giường đôi lớn,8,3,0,1,218000
11821,10-01-2019,30,Hướng phố,2 Giường đôi,8,4,0,1,218000
11821,11-01-2019,20,,1 Giường đôi,8,2,0,1,218000
11821,11-01-2019,18,,1 Giường đôi,8,1,0,1,218000
11821,11-01-2019,30,Hướng phố,2 Giường đôi lớn,8,3,0,1,218000
11821,11-01-2019,30,Hướng phố,2 Giường đôi,8,4,0,1,218000
15110,08-01-2019,25,,1 Giường đôi,12,2,1,0,513000
15110,08-01-2019,35,,1 Giường đôi lớn,12,2,1,0,513000
15110,08-01-2019,35,,1 Giường đôi lớn,12,2,1,0,513000
15110,08-01-2019,40,,2 Giường đôi,12,4,1,0,513000
15110,08-01-2019,55,,2 Giường đôi,12,4,1,0,513000
15110,08-01-2019,60,,2 Giường đôi,12,4,1,0,513000
15110,08-01-2019,80,,2 Giường đôi,12,4,1,0,513000
15110,08-01-2019,100,,3 Giường đôi lớn,12,6,1,0,513000
15110,09-01-2019,25,,1 Giường đôi,12,2,1,0,513000
15110,09-01-2019,35,,1 Giường đôi lớn,12,2,1,0,513000
15110,09-01-2019,35,,1 Giường đôi lớn,12,2,1,0,513000
15110,09-01-2019,40,,2 Giường đôi,12,4,1,0,513000
15110,09-01-2019,55,,2 Giường đôi,12,4,1,0,513000
15110,09-01-2019,60,,2 Giường đôi,12,4,1,0,513000
15110,09-01-2019,80,,2 Giường đôi,12,4,1,0,513000
15110,09-01-2019,100,,3 Giường đôi lớn,12,6,1,0,513000
15110,10-01-2019,25,,1 Giường đôi,12,2,1,0,513000
15110,10-01-2019,35,,1 Giường đôi lớn,12,2,1,0,513000
15110,10-01-2019,35,,1 Giường đôi lớn,12,2,1,0,513000
15110,10-01-2019,40,,2 Giường đôi,12,4,1,0,513000
15110,10-01-2019,55,,2 Giường đôi,12,4,1,0,513000
15110,10-01-2019,60,,2 Giường đôi,12,4,1,0,513000
15110,10-01-2019,80,,2 Giường đôi,12,4,1,0,513000
15110,10-01-2019,100,,3 Giường đôi lớn,12,6,1,0,513000
15110,11-01-2019,25,,1 Giường đôi,12,2,1,0,717000
15110,11-01-2019,35,,1 Giường đôi lớn,12,2,1,0,717000
15110,11-01-2019,35,,1 Giường đôi lớn,12,2,1,0,717000
15110,11-01-2019,40,,2 Giường đôi,12,4,1,0,717000
15110,11-01-2019,55,,2 Giường đôi,12,4,1,0,717000
15110,11-01-2019,60,,2 Giường đôi,12,4,1,0,717000
15110,11-01-2019,80,,2 Giường đôi,12,4,1,0,717000
15110,11-01-2019,100,,3 Giường đôi lớn,12,6,1,0,717000
15110,12-01-2019,25,,1 Giường đôi,12,2,1,0,717000
15110,12-01-2019,35,,1 Giường đôi lớn,12,2,1,0,717000
15110,12-01-2019,40,,2 Giường đôi,12,4,1,0,717000
15110,12-01-2019,55,,2 Giường đôi,12,4,1,0,717000
15110,12-01-2019,60,,2 Giường đôi,12,4,1,0,717000
15110,12-01-2019,80,,2 Giường đôi,12,4,1,0,717000
15110,12-01-2019,100,,3 Giường đôi lớn,12,6,1,0,717000
11190,08-01-2019,20,Hướng phố,1 Giường đôi,8,2,0,1,218000
11190,08-01-2019,35,Hướng phố,1 Giường đơn,8,1,0,1,218000
11190,08-01-2019,25,,1 Giường đơn + 1 Giường đôi,8,3,0,1,218000
11190,08-01-2019,25,,2 Giường đôi,8,4,0,1,218000
11190,08-01-2019,30,Hướng phố,3 Giường đôi,8,6,0,1,218000
11190,09-01-2019,20,Hướng phố,1 Giường đôi,8,2,0,1,218000
11190,09-01-2019,35,Hướng phố,1 Giường đơn,8,1,0,1,218000
11190,09-01-2019,25,,1 Giường đơn + 1 Giường đôi,8,3,0,1,218000
11190,09-01-2019,25,,2 Giường đôi,8,4,0,1,218000
11190,09-01-2019,30,Hướng phố,3 Giường đôi,8,6,0,1,218000
11190,10-01-2019,20,Hướng phố,1 Giường đôi,8,2,0,1,218000
11190,10-01-2019,35,Hướng phố,1 Giường đơn,8,1,0,1,218000
11190,10-01-2019,25,,1 Giường đơn + 1 Giường đôi,8,3,0,1,218000
11190,10-01-2019,25,,2 Giường đôi,8,4,0,1,218000
11190,10-01-2019,30,Hướng phố,3 Giường đôi,8,6,0,1,218000
11190,11-01-2019,20,Hướng phố,1 Giường đôi,8,2,0,1,218000
11190,11-01-2019,35,Hướng phố,1 Giường đơn,8,1,0,1,218000
11190,11-01-2019,25,,1 Giường đơn + 1 Giường đôi,8,3,0,1,218000
11190,11-01-2019,25,,2 Giường đôi,8,4,0,1,218000
11190,11-01-2019,30,Hướng phố,3 Giường đôi,8,6,0,1,218000
11190,12-01-2019,20,Hướng phố,1 Giường đôi,8,2,0,1,218000
11190,12-01-2019,35,Hướng phố,1 Giường đơn,8,1,0,1,218000
11190,12-01-2019,25,,1 Giường đơn + 1 Giường đôi,8,3,0,1,218000
11190,12-01-2019,25,,2 Giường đôi,8,4,0,1,218000
11190,12-01-2019,30,Hướng phố,3 Giường đôi,8,6,0,1,218000
11799,08-01-2019,10,,1 Giường đôi,5,2,0,1,167000
11799,08-01-2019,13,,2 Giường đôi,5,3,0,1,167000
11799,08-01-2019,13,,2 Giường đôi,5,4,0,1,167000
11799,09-01-2019,10,,1 Giường đôi,5,2,0,1,167000
11799,09-01-2019,13,,2 Giường đôi,5,3,0,1,167000
11799,09-01-2019,13,,2 Giường đôi,5,4,0,1,167000
11799,10-01-2019,10,,1 Giường đôi,5,2,0,1,167000
11799,10-01-2019,13,,2 Giường đôi,5,3,0,1,167000
11799,10-01-2019,13,,2 Giường đôi,5,4,0,1,167000
11799,11-01-2019,10,,1 Giường đôi,5,2,0,1,187000
11799,11-01-2019,13,,2 Giường đôi,5,3,0,1,187000
11799,11-01-2019,13,,2 Giường đôi,5,4,0,1,187000
11799,12-01-2019,10,,1 Giường đôi,5,2,0,1,187000
11799,12-01-2019,13,,2 Giường đôi,5,3,0,1,187000
11799,12-01-2019,13,,2 Giường đôi,5,4,0,1,187000
12846,08-01-2019,15,,1 Giường đôi,6,2,0,1,303000
12846,09-01-2019,15,,1 Giường đôi,6,2,0,1,303000
12846,10-01-2019,15,,1 Giường đôi,6,2,0,1,303000
12846,11-01-2019,15,,1 Giường đôi,6,2,0,1,303000
12846,12-01-2019,15,,1 Giường đôi,6,2,0,1,303000
12863,08-01-2019,15,,1 Giường đôi,4,2,0,1,174000
12863,08-01-2019,35,,2 Giường đôi,4,4,0,1,174000
12863,09-01-2019,15,,1 Giường đôi,4,2,0,1,174000
12863,09-01-2019,35,,2 Giường đôi,4,4,0,1,174000
12863,10-01-2019,15,,1 Giường đôi,4,2,0,1,205000
12863,10-01-2019,35,,2 Giường đôi,4,4,0,1,205000
12863,11-01-2019,15,,1 Giường đôi,4,2,0,1,218000
12863,11-01-2019,35,,2 Giường đôi,4,4,0,1,218000
12863,12-01-2019,15,,1 Giường đôi,4,2,0,1,218000
12863,12-01-2019,35,,2 Giường đôi,4,4,0,1,218000
11356,08-01-2019,30,Hướng núi,1 Giường đôi,9,2,1,1,857000
11356,08-01-2019,30,Hướng núi,2 Giường đơn,9,2,1,1,857000
11356,09-01-2019,30,Hướng núi,1 Giường đôi,9,2,1,1,857000
11356,09-01-2019,30,Hướng núi,2 Giường đơn,9,2,1,1,857000
11356,10-01-2019,30,Hướng núi,1 Giường đôi,9,2,1,1,857000
11356,10-01-2019,30,Hướng núi,2 Giường đơn,9,2,1,1,857000
11356,11-01-2019,30,Hướng núi,1 Giường đôi,9,2,1,1,966000
11356,11-01-2019,30,Hướng núi,2 Giường đơn,9,2,1,1,966000
11356,12-01-2019,30,Hướng núi,1 Giường đôi,9,2,1,1,966000
11356,12-01-2019,30,Hướng núi,2 Giường đơn,9,2,1,1,966000
11359,08-01-2019,27,,2 Giường đôi,10,2,1,1,717000
11359,08-01-2019,28,Hướng phố,1 Giường đôi,10,2,1,1,717000
11359,08-01-2019,30,Hướng phố,2 Giường đơn,10,2,1,1,717000
11359,08-01-2019,27,Hướng phố,1 Giường đôi,10,2,1,1,717000
11359,08-01-2019,30,Hướng phố,2 Giường đơn,10,2,1,1,717000
11359,08-01-2019,30,Hướng phố,1 Giường đơn + 1 Giường đôi,10,3,1,1,717000
11359,08-01-2019,30,,2 Giường đôi,10,4,1,1,717000
11359,08-01-2019,34,Hướng phố,1 Giường đôi,10,2,1,1,717000
11359,09-01-2019,25,,1 Giường đôi,10,2,1,1,614000
11359,09-01-2019,27,,2 Giường đôi,10,2,1,1,614000
11359,09-01-2019,28,Hướng phố,1 Giường đôi,10,2,1,1,614000
11359,09-01-2019,30,Hướng phố,2 Giường đơn,10,2,1,1,614000
11359,09-01-2019,27,Hướng phố,1 Giường đôi,10,2,1,1,614000
11359,09-01-2019,30,Hướng phố,2 Giường đơn,10,2,1,1,614000
11359,09-01-2019,30,Hướng phố,1 Giường đơn + 1 Giường đôi,10,3,1,1,614000
11359,09-01-2019,30,,2 Giường đôi,10,4,1,1,614000
11359,09-01-2019,34,Hướng phố,1 Giường đôi,10,2,1,1,614000
11359,10-01-2019,30,Hướng phố,2 Giường đơn,10,2,1,1,819000
11359,10-01-2019,28,Hướng phố,1 Giường đôi,10,2,1,1,819000
11359,10-01-2019,27,Hướng phố,1 Giường đôi,10,2,1,1,819000
11359,10-01-2019,30,Hướng phố,1 Giường đơn + 1 Giường đôi,10,3,1,1,819000
11359,10-01-2019,30,,2 Giường đôi,10,4,1,1,819000
11359,11-01-2019,30,Hướng phố,2 Giường đơn,10,2,1,1,921000
11359,11-01-2019,28,Hướng phố,1 Giường đôi,10,2,1,1,921000
11359,11-01-2019,27,Hướng phố,1 Giường đôi,10,2,1,1,921000
11359,11-01-2019,30,Hướng phố,1 Giường đơn + 1 Giường đôi,10,3,1,1,921000
11359,11-01-2019,30,,2 Giường đôi,10,4,1,1,921000
11359,12-01-2019,30,Hướng phố,2 Giường đơn,10,2,1,1,921000
11359,12-01-2019,28,Hướng phố,1 Giường đôi,10,2,1,1,921000
11359,12-01-2019,27,Hướng phố,1 Giường đôi,10,2,1,1,921000
11359,12-01-2019,30,Hướng phố,1 Giường đơn + 1 Giường đôi,10,3,1,1,921000
11359,12-01-2019,30,,2 Giường đôi,10,4,1,1,921000
11360,08-01-2019,15,Hướng phố,1 Giường đôi,6,2,0,1,307000
11360,08-01-2019,20,Hướng phố,2 Giường đôi,6,4,0,1,307000
11360,08-01-2019,25,Hướng phố,1 Giường đôi,6,2,0,1,307000
11360,08-01-2019,30,Hướng phố,3 Giường đôi,6,6,0,1,307000
11360,09-01-2019,15,Hướng phố,1 Giường đôi,6,2,0,1,307000
11360,09-01-2019,20,Hướng phố,2 Giường đôi,6,4,0,1,307000
11360,09-01-2019,25,Hướng phố,1 Giường đôi,6,2,0,1,307000
11360,09-01-2019,30,Hướng phố,3 Giường đôi,6,6,0,1,307000
11360,10-01-2019,15,Hướng phố,1 Giường đôi,6,2,0,1,307000
11360,10-01-2019,20,Hướng phố,2 Giường đôi,6,4,0,1,307000
11360,10-01-2019,25,Hướng phố,1 Giường đôi,6,2,0,1,307000
11360,10-01-2019,30,Hướng phố,3 Giường đôi,6,6,0,1,307000
11360,11-01-2019,15,Hướng phố,1 Giường đôi,6,2,0,1,307000
11360,11-01-2019,20,Hướng phố,2 Giường đôi,6,4,0,1,307000
11360,11-01-2019,25,Hướng phố,1 Giường đôi,6,2,0,1,307000
11360,11-01-2019,30,Hướng phố,3 Giường đôi,6,6,0,1,307000
11360,12-01-2019,15,Hướng phố,1 Giường đôi,6,2,0,1,307000
11360,12-01-2019,20,Hướng phố,2 Giường đôi,6,4,0,1,307000
11360,12-01-2019,25,Hướng phố,1 Giường đôi,6,2,0,1,307000
11360,12-01-2019,30,Hướng phố,3 Giường đôi,6,6,0,1,307000
2828,08-01-2019,12,,1 Giường đôi,15,2,0,1,174000
2828,08-01-2019,30,,2 Giường đôi,15,4,0,1,174000
2828,09-01-2019,12,,1 Giường đôi,15,2,0,1,174000
2828,09-01-2019,30,,2 Giường đôi,15,4,0,1,174000
2828,10-01-2019,12,,1 Giường đôi,15,2,0,1,174000
2828,10-01-2019,30,,2 Giường đôi,15,4,0,1,174000
2828,11-01-2019,12,,1 Giường đôi,15,2,0,1,174000
2828,11-01-2019,30,,2 Giường đôi,15,4,0,1,174000
2828,12-01-2019,12,,1 Giường đôi,15,2,0,1,174000
2828,12-01-2019,30,,2 Giường đôi,15,4,0,1,174000
11504,08-01-2019,18,Hướng nội bộ,1 Giường đôi,11,2,0,1,250000
11504,08-01-2019,20,Hướng phố,1 Giường đôi,11,2,0,1,250000
11504,08-01-2019,30,Hướng phố,2 Giường đôi,11,4,0,1,250000
11504,09-01-2019,18,Hướng nội bộ,1 Giường đôi,11,2,0,1,250000
11504,09-01-2019,20,Hướng phố,1 Giường đôi,11,2,0,1,250000
11504,09-01-2019,30,Hướng phố,2 Giường đôi,11,4,0,1,250000
11504,10-01-2019,18,Hướng nội bộ,1 Giường đôi,11,2,0,1,250000
11504,10-01-2019,20,Hướng phố,1 Giường đôi,11,2,0,1,250000
11504,10-01-2019,30,Hướng phố,2 Giường đôi,11,4,0,1,250000
11504,11-01-2019,18,Hướng nội bộ,1 Giường đôi,11,2,0,1,300000
11504,11-01-2019,20,Hướng phố,1 Giường đôi,11,2,0,1,300000
11504,11-01-2019,30,Hướng phố,2 Giường đôi,11,4,0,1,300000
11504,12-01-2019,18,Hướng nội bộ,1 Giường đôi,11,2,0,1,300000
11504,12-01-2019,20,Hướng phố,1 Giường đôi,11,2,0,1,300000
11504,12-01-2019,30,Hướng phố,2 Giường đôi,11,4,0,1,300000
3204,08-01-2019,22,,1 Giường đôi,3,2,0,1,256000
3204,08-01-2019,20,,1 Giường đôi,3,2,0,1,256000
3204,08-01-2019,30,,2 Giường đôi,3,4,0,1,256000
3204,08-01-2019,30,,2 Giường đôi,3,4,0,1,256000
3204,08-01-2019,35,,3 Giường đôi,3,6,0,1,256000
3206,08-01-2019,15,Hướng phố,1 Giường đôi,12,2,0,0,287000
3206,08-01-2019,20,Hướng một phần,2 Giường đôi,12,4,0,0,287000
3206,08-01-2019,25,Hướng một phần,3 Giường đôi,12,6,0,0,287000
3206,08-01-2019,35,Hướng một phần,4 Giường đôi,12,8,0,0,287000
3206,09-01-2019,15,Hướng phố,1 Giường đôi,12,2,0,0,287000
3206,09-01-2019,20,Hướng một phần,2 Giường đôi,12,4,0,0,287000
3206,09-01-2019,25,Hướng một phần,3 Giường đôi,12,6,0,0,287000
3206,09-01-2019,35,Hướng một phần,4 Giường đôi,12,8,0,0,287000
3210,08-01-2019,28,Hướng phố,1 Giường đôi,17,2,0,1,168000
3210,08-01-2019,32,Hướng phố,2 Giường đôi,17,4,0,1,168000
3210,09-01-2019,28,Hướng phố,1 Giường đôi,17,2,0,1,168000
3210,09-01-2019,32,Hướng phố,2 Giường đôi,17,4,0,1,168000
3210,10-01-2019,28,Hướng phố,1 Giường đôi,17,2,0,1,168000
3210,10-01-2019,32,Hướng phố,2 Giường đôi,17,4,0,1,168000
3210,11-01-2019,28,Hướng phố,1 Giường đôi,17,2,0,0,168000
3210,11-01-2019,32,Hướng phố,2 Giường đôi,17,4,0,0,168000
3210,12-01-2019,28,Hướng phố,1 Giường đôi,17,2,0,0,168000
3210,12-01-2019,32,Hướng phố,2 Giường đôi,17,4,0,0,168000
3215,08-01-2019,35,,1 Giường đôi / 2 Giường đơn,23,2,1,1,1009000
3215,08-01-2019,40,,1 Giường đôi / 2 Giường đơn,23,2,1,1,1009000
3215,08-01-2019,50,,1 Giường đôi,23,2,1,1,1009000
12056,08-01-2019,30,Hướng vườn,1 Giường đôi,7,2,1,1,807000
12056,08-01-2019,37,Hướng vườn,1 Giường đôi,7,2,1,1,807000
12056,08-01-2019,35,,2 Giường đôi,7,4,1,1,807000
12056,08-01-2019,45,Hướng vườn,2 Giường đôi,7,4,1,1,807000
12056,09-01-2019,30,Hướng vườn,1 Giường đôi,7,2,1,1,807000
12056,09-01-2019,37,Hướng vườn,1 Giường đôi,7,2,1,1,807000
12056,09-01-2019,35,,2 Giường đôi,7,4,1,1,807000
12056,09-01-2019,45,Hướng vườn,2 Giường đôi,7,4,1,1,807000
12056,10-01-2019,30,Hướng vườn,1 Giường đôi,7,2,1,1,807000
12056,10-01-2019,37,Hướng vườn,1 Giường đôi,7,2,1,1,807000
12056,10-01-2019,35,,2 Giường đôi,7,4,1,1,807000
12056,10-01-2019,45,Hướng vườn,2 Giường đôi,7,4,1,1,807000
12056,11-01-2019,30,Hướng vườn,1 Giường đôi,7,2,1,1,807000
12056,11-01-2019,37,Hướng vườn,1 Giường đôi,7,2,1,1,807000
12056,11-01-2019,35,,2 Giường đôi,7,4,1,1,807000
12056,12-01-2019,30,Hướng vườn,1 Giường đôi,7,2,1,1,807000
12056,12-01-2019,37,Hướng vườn,1 Giường đôi,7,2,1,1,807000
12056,12-01-2019,35,,2 Giường đôi,7,4,1,1,807000
11735,08-01-2019,16,,1 Giường đôi,8,2,0,1,180000
11735,08-01-2019,30,,2 Giường đôi,8,4,0,1,180000
11735,08-01-2019,24,Hướng phố,2 Giường đôi,8,4,0,1,180000
11735,08-01-2019,30,,1 Giường đôi + 1 Giường tầng,8,6,0,1,180000
11735,09-01-2019,16,,1 Giường đôi,8,2,0,1,180000
11735,09-01-2019,30,,2 Giường đôi,8,4,0,1,180000
11735,09-01-2019,24,Hướng phố,2 Giường đôi,8,4,0,1,180000
11735,09-01-2019,30,,1 Giường đôi + 1 Giường tầng,8,6,0,1,180000
11735,10-01-2019,16,,1 Giường đôi,8,2,0,1,180000
11735,10-01-2019,30,,2 Giường đôi,8,4,0,1,180000
11735,10-01-2019,24,Hướng phố,2 Giường đôi,8,4,0,1,180000
11735,10-01-2019,30,,1 Giường đôi + 1 Giường tầng,8,6,0,1,180000
11735,11-01-2019,16,,1 Giường đôi,8,2,0,1,200000
11735,11-01-2019,30,,2 Giường đôi,8,4,0,1,200000
11735,11-01-2019,24,Hướng phố,2 Giường đôi,8,4,0,1,200000
11735,11-01-2019,30,,1 Giường đôi + 1 Giường tầng,8,6,0,1,200000
11735,12-01-2019,16,,1 Giường đôi,8,2,0,1,200000
11735,12-01-2019,30,,2 Giường đôi,8,4,0,1,200000
11735,12-01-2019,24,Hướng phố,2 Giường đôi,8,4,0,1,200000
11735,12-01-2019,30,,1 Giường đôi + 1 Giường tầng,8,6,0,1,200000
15279,08-01-2019,12,,1 Giường đôi,6,2,0,1,131000
15279,08-01-2019,12,,1 Giường đôi,6,2,0,1,131000
15279,08-01-2019,16,,2 Giường đôi,6,4,0,1,131000
15279,08-01-2019,23,,3 Giường đôi,6,6,0,1,131000
15279,08-01-2019,23,,3 Giường đôi,6,6,0,1,131000
15279,09-01-2019,12,,1 Giường đôi,6,2,0,1,131000
15279,09-01-2019,12,,1 Giường đôi,6,2,0,1,131000
15279,09-01-2019,16,,2 Giường đôi,6,4,0,1,131000
15279,09-01-2019,23,,3 Giường đôi,6,6,0,1,131000
15279,09-01-2019,23,,3 Giường đôi,6,6,0,1,131000
15279,10-01-2019,12,,1 Giường đôi,6,2,0,1,170000
15279,10-01-2019,12,,1 Giường đôi,6,2,0,1,170000
15279,10-01-2019,16,,2 Giường đôi,6,4,0,1,170000
15279,10-01-2019,23,,3 Giường đôi,6,6,0,1,170000
15279,10-01-2019,23,,3 Giường đôi,6,6,0,1,170000
15279,11-01-2019,12,,1 Giường đôi,6,2,0,1,214000
15279,11-01-2019,12,,1 Giường đôi,6,2,0,1,214000
15279,11-01-2019,16,,2 Giường đôi,6,4,0,1,214000
15279,11-01-2019,23,,3 Giường đôi,6,6,0,1,214000
15279,11-01-2019,23,,3 Giường đôi,6,6,0,1,214000
15279,12-01-2019,12,,1 Giường đôi,6,2,0,1,214000
15279,12-01-2019,12,,1 Giường đôi,6,2,0,1,214000
15279,12-01-2019,16,,2 Giường đôi,6,4,0,1,214000
15279,12-01-2019,23,,3 Giường đôi,6,6,0,1,214000
15279,12-01-2019,23,,3 Giường đôi,6,6,0,1,214000
3524,08-01-2019,40,Hướng vườn,1 Giường đôi,20,2,1,1,1889000
3524,08-01-2019,46,Hướng vườn,1 Giường đôi,20,2,1,1,1889000
3524,08-01-2019,46,,1 Giường đôi,20,2,1,1,1889000
3524,08-01-2019,70,Hướng vườn,1 Giường đôi,20,2,1,1,1889000
3524,08-01-2019,70,,1 Giường đôi,20,2,1,1,1889000
3524,08-01-2019,70,Hướng vườn,1 Giường đơn + 1 Giường đôi,20,3,1,1,1889000
3524,09-01-2019,46,Hướng vườn,1 Giường đôi,20,2,1,1,2225000
3524,09-01-2019,46,,1 Giường đôi,20,2,1,1,2225000
3524,09-01-2019,70,Hướng vườn,1 Giường đôi,20,2,1,1,2225000
3524,09-01-2019,70,,1 Giường đôi,20,2,1,1,2225000
3524,09-01-2019,70,Hướng vườn,1 Giường đơn + 1 Giường đôi,20,3,1,1,2225000
3524,10-01-2019,46,Hướng vườn,1 Giường đôi,20,2,1,1,2225000
3524,10-01-2019,46,,1 Giường đôi,20,2,1,1,2225000
3524,10-01-2019,70,Hướng vườn,1 Giường đôi,20,2,1,1,2225000
3524,10-01-2019,70,,1 Giường đôi,20,2,1,1,2225000
3524,10-01-2019,70,Hướng vườn,1 Giường đơn + 1 Giường đôi,20,3,1,1,2225000
3524,11-01-2019,46,Hướng vườn,1 Giường đôi,20,2,1,1,2225000
3524,11-01-2019,46,,1 Giường đôi,20,2,1,1,2225000
3524,11-01-2019,70,Hướng vườn,1 Giường đôi,20,2,1,1,2225000
3524,11-01-2019,70,,1 Giường đôi,20,2,1,1,2225000
3524,11-01-2019,70,Hướng vườn,1 Giường đơn + 1 Giường đôi,20,3,1,1,2225000
3524,12-01-2019,40,Hướng vườn,1 Giường đôi,20,2,1,1,1889000
3524,12-01-2019,46,Hướng vườn,1 Giường đôi,20,2,1,1,1889000
3524,12-01-2019,46,,1 Giường đôi,20,2,1,1,1889000
3524,12-01-2019,70,Hướng vườn,1 Giường đôi,20,2,1,1,1889000
3524,12-01-2019,70,,1 Giường đôi,20,2,1,1,1889000
3524,12-01-2019,70,Hướng vườn,1 Giường đơn + 1 Giường đôi,20,3,1,1,1889000
3525,08-01-2019,15,Hướng một phần,1 Giường đôi,13,2,1,0,875000
3525,08-01-2019,15,,1 Giường đôi,13,2,1,0,875000
3525,08-01-2019,20,,1 Giường đôi,13,2,1,0,875000
3525,08-01-2019,28,,2 Giường đơn,13,2,1,0,875000
3525,09-01-2019,15,Hướng một phần,1 Giường đôi,13,2,1,0,875000
3525,09-01-2019,15,,1 Giường đôi,13,2,1,0,875000
3525,09-01-2019,20,,1 Giường đôi,13,2,1,0,875000
3525,09-01-2019,28,,2 Giường đơn,13,2,1,0,875000
3525,10-01-2019,15,Hướng một phần,1 Giường đôi,13,2,1,0,875000
3525,10-01-2019,15,,1 Giường đôi,13,2,1,0,875000
3525,10-01-2019,20,,1 Giường đôi,13,2,1,0,875000
3525,10-01-2019,28,,2 Giường đơn,13,2,1,0,875000
3525,10-01-2019,25,,2 Giường đơn,13,2,1,0,875000
3525,11-01-2019,15,Hướng một phần,1 Giường đôi,13,2,1,0,1000000
3525,11-01-2019,15,,1 Giường đôi,13,2,1,0,1000000
3525,11-01-2019,20,,1 Giường đôi,13,2,1,0,1000000
3525,11-01-2019,28,,2 Giường đơn,13,2,1,0,1000000
3525,11-01-2019,25,,2 Giường đơn,13,2,1,0,1000000
3525,12-01-2019,20,,1 Giường đôi,13,2,1,0,1100000
3525,12-01-2019,28,,2 Giường đơn,13,2,1,0,1100000
3525,12-01-2019,20,,1 Giường đôi,13,2,1,0,1100000
3525,12-01-2019,25,,2 Giường đơn,13,2,1,0,1100000
3526,08-01-2019,20,,1 Giường đôi,14,2,1,1,614000
3526,08-01-2019,22,,2 Giường đôi,14,4,1,1,614000
3526,09-01-2019,20,,1 Giường đôi,14,2,1,1,614000
3526,09-01-2019,22,,2 Giường đôi,14,4,1,1,614000
3526,10-01-2019,20,,1 Giường đôi,14,2,1,1,614000
3526,10-01-2019,22,,2 Giường đôi,14,4,1,1,614000
3526,11-01-2019,20,,1 Giường đôi,14,2,1,1,614000
3526,11-01-2019,22,,2 Giường đôi,14,4,1,1,614000
3526,12-01-2019,20,,1 Giường đôi,14,2,1,1,614000
3526,12-01-2019,22,,2 Giường đôi,14,4,1,1,614000
3530,08-01-2019,18,Hướng phố,2 Giường đôi,9,4,0,1,294000
3530,08-01-2019,13,Hướng phố,1 Giường đôi,9,2,0,1,294000
3530,08-01-2019,15,Hướng phố,1 Giường đơn + 1 Giường đôi,9,3,0,1,294000
3530,09-01-2019,18,Hướng phố,2 Giường đôi,9,4,0,1,294000
3530,09-01-2019,13,Hướng phố,1 Giường đôi,9,2,0,1,294000
3530,09-01-2019,15,Hướng phố,1 Giường đơn + 1 Giường đôi,9,3,0,1,294000
3530,10-01-2019,13,Hướng phố,1 Giường đôi,9,2,0,1,200000
3530,10-01-2019,15,Hướng phố,1 Giường đơn + 1 Giường đôi,9,3,0,1,200000
3530,10-01-2019,18,Hướng phố,2 Giường đôi,9,4,0,1,200000
3530,11-01-2019,13,Hướng phố,1 Giường đôi,9,2,0,1,200000
3530,11-01-2019,15,Hướng phố,1 Giường đơn + 1 Giường đôi,9,3,0,1,200000
3530,11-01-2019,18,Hướng phố,2 Giường đôi,9,4,0,1,200000
3530,12-01-2019,13,Hướng phố,1 Giường đôi,9,2,0,1,200000
3530,12-01-2019,15,Hướng phố,1 Giường đơn + 1 Giường đôi,9,3,0,1,200000
3530,12-01-2019,18,Hướng phố,2 Giường đôi,9,4,0,1,200000
3531,08-01-2019,23,Hướng vườn,1 Giường đôi,6,2,0,1,307000
3531,08-01-2019,37,Hướng một phần,3 Giường đơn,6,3,0,1,307000
3531,08-01-2019,37,Hướng vườn,2 Giường đôi,6,4,0,1,307000
3531,08-01-2019,50,,2 Giường đôi,6,4,0,1,307000
3531,09-01-2019,23,Hướng vườn,1 Giường đôi,6,2,0,0,307000
3531,09-01-2019,37,Hướng một phần,3 Giường đơn,6,3,0,0,307000
3531,09-01-2019,37,Hướng vườn,2 Giường đôi,6,4,0,0,307000
3531,09-01-2019,50,,2 Giường đôi,6,4,0,0,307000
3531,10-01-2019,37,Hướng một phần,3 Giường đơn,6,3,0,0,461000
3531,10-01-2019,23,Hướng vườn,1 Giường đôi,6,2,0,0,461000
3531,10-01-2019,37,Hướng vườn,2 Giường đôi,6,4,0,0,461000
3531,10-01-2019,50,,2 Giường đôi,6,4,0,0,461000
3531,11-01-2019,37,Hướng một phần,3 Giường đơn,6,3,0,0,461000
3531,11-01-2019,23,Hướng vườn,1 Giường đôi,6,2,0,0,461000
3531,11-01-2019,37,Hướng vườn,2 Giường đôi,6,4,0,0,461000
3531,11-01-2019,50,,2 Giường đôi,6,4,0,0,461000
3531,12-01-2019,23,Hướng vườn,1 Giường đôi,6,2,0,0,307000
3531,12-01-2019,37,Hướng một phần,3 Giường đơn,6,3,0,0,307000
3531,12-01-2019,37,Hướng vườn,2 Giường đôi,6,4,0,0,307000
3531,12-01-2019,50,,2 Giường đôi,6,4,0,0,307000
3537,08-01-2019,26,,1 Giường đôi,10,2,0,1,143000
3537,08-01-2019,36,,3 Giường đôi,10,6,0,1,143000
3537,08-01-2019,46,,4 Giường đôi,10,8,0,1,143000
3537,08-01-2019,32,,2 Giường đôi,10,4,0,1,143000
3537,09-01-2019,26,,1 Giường đôi,10,2,0,1,143000
3537,09-01-2019,36,,3 Giường đôi,10,6,0,1,143000
3537,09-01-2019,46,,4 Giường đôi,10,8,0,1,143000
3537,09-01-2019,32,,2 Giường đôi,10,4,0,1,143000
3537,10-01-2019,26,,1 Giường đôi,10,2,0,1,143000
3537,10-01-2019,36,,3 Giường đôi,10,6,0,1,143000
3537,10-01-2019,46,,4 Giường đôi,10,8,0,1,143000
3537,10-01-2019,32,,2 Giường đôi,10,4,0,1,143000
3537,11-01-2019,26,,1 Giường đôi,10,2,0,0,143000
3537,11-01-2019,36,,3 Giường đôi,10,6,0,0,143000
3537,11-01-2019,46,,4 Giường đôi,10,8,0,0,143000
3537,11-01-2019,32,,2 Giường đôi,10,4,0,0,143000
3537,12-01-2019,26,,1 Giường đôi,10,2,0,0,143000
3537,12-01-2019,36,,3 Giường đôi,10,6,0,0,143000
3537,12-01-2019,46,,4 Giường đôi,10,8,0,0,143000
3537,12-01-2019,32,,2 Giường đôi,10,4,0,0,143000
11770,08-01-2019,26,Có cửa sổ (không hướng),2 Giường đơn,5,2,0,1,512000
11770,08-01-2019,30,,1 Giường đôi,5,2,0,1,512000
11770,09-01-2019,25,,1 Giường đôi,5,2,0,1,512000
11770,09-01-2019,26,Có cửa sổ (không hướng),2 Giường đơn,5,2,0,1,512000
11770,09-01-2019,30,,1 Giường đôi,5,2,0,1,512000
11770,10-01-2019,25,,1 Giường đôi,5,2,0,1,512000
11770,10-01-2019,26,Có cửa sổ (không hướng),2 Giường đơn,5,2,0,1,512000
11770,10-01-2019,30,,1 Giường đôi,5,2,0,1,512000
11770,11-01-2019,26,Có cửa sổ (không hướng),2 Giường đơn,5,2,0,1,563000
11770,11-01-2019,30,,1 Giường đôi,5,2,0,1,563000
11770,12-01-2019,26,Có cửa sổ (không hướng),2 Giường đơn,5,2,0,1,563000
11770,12-01-2019,30,,1 Giường đôi,5,2,0,1,563000
11340,08-01-2019,15,,1 Giường đôi,10,2,0,1,226000
11340,08-01-2019,22,Hướng phố,2 Giường đôi,10,4,0,1,226000
11340,08-01-2019,22,,1 Giường đôi + 1 Giường tầng,10,6,0,1,226000
11340,09-01-2019,15,,1 Giường đôi,10,2,0,1,226000
11340,09-01-2019,22,Hướng phố,2 Giường đôi,10,4,0,1,226000
11340,09-01-2019,22,,1 Giường đôi + 1 Giường tầng,10,6,0,1,226000
11340,10-01-2019,15,,1 Giường đôi,10,2,0,1,226000
11340,10-01-2019,22,Hướng phố,2 Giường đôi,10,4,0,1,226000
11340,10-01-2019,22,,1 Giường đôi + 1 Giường tầng,10,6,0,1,226000
11340,11-01-2019,15,,1 Giường đôi,10,2,0,1,249000
11340,11-01-2019,22,Hướng phố,2 Giường đôi,10,4,0,1,249000
11340,11-01-2019,22,,1 Giường đôi + 1 Giường tầng,10,6,0,1,249000
11340,12-01-2019,15,,1 Giường đôi,10,2,0,1,249000
11340,12-01-2019,22,Hướng phố,2 Giường đôi,10,4,0,1,249000
11340,12-01-2019,22,,1 Giường đôi + 1 Giường tầng,10,6,0,1,249000
10097,08-01-2019,15,,1 Giường đôi,10,2,0,1,470000
10097,08-01-2019,25,Hướng phố,2 Giường đôi,10,4,0,1,470000
10097,09-01-2019,15,,1 Giường đôi,10,2,0,1,470000
10097,09-01-2019,25,Hướng phố,2 Giường đôi,10,4,0,1,470000
10097,10-01-2019,15,,1 Giường đôi,10,2,0,1,470000
10097,10-01-2019,25,Hướng phố,2 Giường đôi,10,4,0,1,470000
10097,11-01-2019,15,,1 Giường đôi,10,2,0,1,470000
10097,11-01-2019,25,Hướng phố,2 Giường đôi,10,4,0,1,470000
10097,12-01-2019,15,,1 Giường đôi,10,2,0,1,470000
10097,12-01-2019,25,Hướng phố,2 Giường đôi,10,4,0,1,470000
14535,08-01-2019,22,Hướng một phần,2 Giường đơn / 1 Giường đôi,16,2,1,1,819000
14535,08-01-2019,28,Hướng vườn,1 Giường đôi lớn,16,2,1,1,819000
14535,08-01-2019,24,Hướng một phần,1 Giường đơn + 1 Giường đôi,16,3,1,1,819000
14535,08-01-2019,50,Hướng vườn,1 Giường đôi rất lớn,16,2,1,1,819000
14535,09-01-2019,22,Hướng một phần,2 Giường đơn / 1 Giường đôi,16,2,1,1,819000
14535,09-01-2019,28,Hướng vườn,1 Giường đôi lớn,16,2,1,1,819000
14535,09-01-2019,24,Hướng một phần,1 Giường đơn + 1 Giường đôi,16,3,1,1,819000
14535,09-01-2019,50,Hướng vườn,1 Giường đôi rất lớn,16,2,1,1,819000
14535,10-01-2019,22,Hướng một phần,2 Giường đơn / 1 Giường đôi,16,2,1,1,819000
14535,10-01-2019,28,Hướng vườn,1 Giường đôi lớn,16,2,1,1,819000
14535,10-01-2019,24,Hướng một phần,1 Giường đơn + 1 Giường đôi,16,3,1,1,819000
14535,10-01-2019,50,Hướng vườn,1 Giường đôi rất lớn,16,2,1,1,819000
14535,11-01-2019,22,Hướng một phần,2 Giường đơn / 1 Giường đôi,16,2,1,0,972000
14535,11-01-2019,28,Hướng vườn,1 Giường đôi lớn,16,2,1,0,972000
14535,11-01-2019,24,Hướng một phần,1 Giường đơn + 1 Giường đôi,16,3,1,0,972000
14535,11-01-2019,50,Hướng vườn,1 Giường đôi rất lớn,16,2,1,0,972000
14535,12-01-2019,22,Hướng một phần,2 Giường đơn / 1 Giường đôi,16,2,1,0,972000
14535,12-01-2019,28,Hướng vườn,1 Giường đôi lớn,16,2,1,0,972000
14535,12-01-2019,24,Hướng một phần,1 Giường đơn + 1 Giường đôi,16,3,1,0,972000
14535,12-01-2019,50,Hướng vườn,1 Giường đôi rất lớn,16,2,1,0,972000
11712,08-01-2019,22,Có cửa sổ (không hướng),1 Giường đôi,8,2,1,0,461000
11712,09-01-2019,22,Có cửa sổ (không hướng),1 Giường đôi,8,2,1,0,461000
11712,10-01-2019,22,Có cửa sổ (không hướng),1 Giường đôi,8,2,1,0,461000
11712,11-01-2019,22,Có cửa sổ (không hướng),1 Giường đôi,8,2,1,0,461000
11712,12-01-2019,22,Có cửa sổ (không hướng),1 Giường đôi,8,2,1,0,461000
12223,08-01-2019,18,,1 Giường đôi rất lớn,6,2,0,1,348000
12223,08-01-2019,20,,1 Giường đôi rất lớn,6,2,0,1,348000
12223,08-01-2019,28,,2 Giường đôi rất lớn,6,4,0,1,348000
12223,08-01-2019,30,,2 Giường đôi rất lớn,6,4,0,1,348000
12223,09-01-2019,18,,1 Giường đôi rất lớn,6,2,0,1,348000
12223,09-01-2019,20,,1 Giường đôi rất lớn,6,2,0,1,348000
12223,09-01-2019,28,,2 Giường đôi rất lớn,6,4,0,1,348000
12223,09-01-2019,30,,2 Giường đôi rất lớn,6,4,0,1,348000
12223,10-01-2019,18,,1 Giường đôi rất lớn,6,2,0,1,348000
12223,10-01-2019,20,,1 Giường đôi rất lớn,6,2,0,1,348000
12223,10-01-2019,28,,2 Giường đôi rất lớn,6,4,0,1,348000
12223,10-01-2019,30,,2 Giường đôi rất lớn,6,4,0,1,348000
12223,11-01-2019,18,,1 Giường đôi rất lớn,6,2,0,1,348000
12223,11-01-2019,20,,1 Giường đôi rất lớn,6,2,0,1,348000
12223,11-01-2019,28,,2 Giường đôi rất lớn,6,4,0,1,348000
12223,11-01-2019,30,,2 Giường đôi rất lớn,6,4,0,1,348000
12223,12-01-2019,18,,1 Giường đôi rất lớn,6,2,0,1,348000
12223,12-01-2019,20,,1 Giường đôi rất lớn,6,2,0,1,348000
12223,12-01-2019,28,,2 Giường đôi rất lớn,6,4,0,1,348000
12223,12-01-2019,30,,2 Giường đôi rất lớn,6,4,0,1,348000
10482,08-01-2019,40,Hướng vườn,1 Giường đôi,14,2,1,1,691000
10482,08-01-2019,35,Hướng vườn,1 Giường đôi,14,2,1,1,691000
10482,09-01-2019,40,Hướng vườn,1 Giường đôi,14,2,1,1,691000
10482,09-01-2019,35,Hướng vườn,1 Giường đôi,14,2,1,1,691000
10482,10-01-2019,40,Hướng vườn,1 Giường đôi,14,2,1,1,691000
10482,10-01-2019,35,Hướng vườn,1 Giường đôi,14,2,1,1,691000
10482,11-01-2019,35,Hướng vườn,1 Giường đôi,14,2,1,1,760000
10482,11-01-2019,40,Hướng vườn,1 Giường đôi,14,2,1,1,760000
10482,12-01-2019,35,Hướng vườn,1 Giường đôi,14,2,1,1,760000
10482,12-01-2019,40,Hướng vườn,1 Giường đôi,14,2,1,1,760000
10494,08-01-2019,15,,1 Giường đôi,17,2,1,1,575000
10494,08-01-2019,18,,1 Giường đôi,17,2,1,1,575000
10494,08-01-2019,24,,2 Giường đơn,17,2,1,1,575000
10494,08-01-2019,25,,1 Giường đôi,17,2,1,1,575000
10494,08-01-2019,20,,1 Giường đôi,17,2,1,1,575000
10494,08-01-2019,22,,1 Giường đôi / 1 Giường đơn,17,2,1,1,575000
10494,08-01-2019,30,,1 Giường đơn + 1 Giường đôi,17,3,1,1,575000
10494,08-01-2019,35,,1 Giường đôi,17,2,1,1,575000
10494,08-01-2019,33,,2 Giường đôi,17,4,1,1,575000
10494,09-01-2019,15,,1 Giường đôi,17,2,1,1,575000
10494,09-01-2019,18,,1 Giường đôi,17,2,1,1,575000
10494,09-01-2019,24,,2 Giường đơn,17,2,1,1,575000
10494,09-01-2019,25,,1 Giường đôi,17,2,1,1,575000
10494,09-01-2019,20,,1 Giường đôi,17,2,1,1,575000
10494,09-01-2019,22,,1 Giường đôi / 1 Giường đơn,17,2,1,1,575000
10494,09-01-2019,30,,1 Giường đơn + 1 Giường đôi,17,3,1,1,575000
10494,09-01-2019,35,,1 Giường đôi,17,2,1,1,575000
10494,09-01-2019,33,,2 Giường đôi,17,4,1,1,575000
10494,10-01-2019,15,,1 Giường đôi,17,2,1,1,575000
10494,10-01-2019,18,,1 Giường đôi,17,2,1,1,575000
10494,10-01-2019,24,,2 Giường đơn,17,2,1,1,575000
10494,10-01-2019,25,,1 Giường đôi,17,2,1,1,575000
10494,10-01-2019,20,,1 Giường đôi,17,2,1,1,575000
10494,10-01-2019,22,,1 Giường đôi / 1 Giường đơn,17,2,1,1,575000
10494,10-01-2019,30,,1 Giường đơn + 1 Giường đôi,17,3,1,1,575000
10494,10-01-2019,35,,1 Giường đôi,17,2,1,1,575000
10494,10-01-2019,33,,2 Giường đôi,17,4,1,1,575000
10494,11-01-2019,15,,1 Giường đôi,17,2,1,1,676000
10494,11-01-2019,18,,1 Giường đôi,17,2,1,1,676000
10494,11-01-2019,24,,2 Giường đơn,17,2,1,1,676000
10494,11-01-2019,25,,1 Giường đôi,17,2,1,1,676000
10494,11-01-2019,20,,1 Giường đôi,17,2,1,1,676000
10494,11-01-2019,22,,1 Giường đôi / 1 Giường đơn,17,2,1,1,676000
10494,11-01-2019,30,,1 Giường đơn + 1 Giường đôi,17,3,1,1,676000
10494,11-01-2019,35,,1 Giường đôi,17,2,1,1,676000
10494,11-01-2019,33,,2 Giường đôi,17,4,1,1,676000
10494,12-01-2019,15,,1 Giường đôi,17,2,1,1,676000
10494,12-01-2019,18,,1 Giường đôi,17,2,1,1,676000
10494,12-01-2019,24,,2 Giường đơn,17,2,1,1,676000
10494,12-01-2019,25,,1 Giường đôi,17,2,1,1,676000
10494,12-01-2019,20,,1 Giường đôi,17,2,1,1,676000
10494,12-01-2019,22,,1 Giường đôi / 1 Giường đơn,17,2,1,1,676000
10494,12-01-2019,30,,1 Giường đơn + 1 Giường đôi,17,3,1,1,676000
10494,12-01-2019,35,,1 Giường đôi,17,2,1,1,676000
10494,12-01-2019,33,,2 Giường đôi,17,4,1,1,676000
10519,08-01-2019,20,,1 Giường đôi,15,2,0,1,415000
10519,08-01-2019,26,,1 Giường đôi,15,2,0,1,415000
10519,08-01-2019,30,Hướng phố,1 Giường đôi,15,2,0,1,415000
10519,08-01-2019,30,,1 Giường đơn + 1 Giường đôi,15,3,0,1,415000
10519,08-01-2019,40,Hướng phố,2 Giường đôi,15,4,0,1,415000
10519,09-01-2019,20,,1 Giường đôi,15,2,0,1,415000
10519,09-01-2019,26,,1 Giường đôi,15,2,0,1,415000
10519,09-01-2019,30,Hướng phố,1 Giường đôi,15,2,0,1,415000
10519,09-01-2019,30,,1 Giường đơn + 1 Giường đôi,15,3,0,1,415000
10519,09-01-2019,40,Hướng phố,2 Giường đôi,15,4,0,1,415000
10519,10-01-2019,20,,1 Giường đôi,15,2,0,1,415000
10519,10-01-2019,26,,1 Giường đôi,15,2,0,1,415000
10519,10-01-2019,30,Hướng phố,1 Giường đôi,15,2,0,1,415000
10519,10-01-2019,30,,1 Giường đơn + 1 Giường đôi,15,3,0,1,415000
10519,10-01-2019,40,Hướng phố,2 Giường đôi,15,4,0,1,415000
10519,11-01-2019,20,,1 Giường đôi,15,2,0,1,415000
10519,11-01-2019,26,,1 Giường đôi,15,2,0,1,415000
10519,11-01-2019,30,Hướng phố,1 Giường đôi,15,2,0,1,415000
10519,11-01-2019,30,,1 Giường đơn + 1 Giường đôi,15,3,0,1,415000
10519,11-01-2019,40,Hướng phố,2 Giường đôi,15,4,0,1,415000
10519,12-01-2019,20,,1 Giường đôi,15,2,0,1,415000
10519,12-01-2019,26,,1 Giường đôi,15,2,0,1,415000
10519,12-01-2019,30,Hướng phố,1 Giường đôi,15,2,0,1,415000
10519,12-01-2019,40,Hướng phố,2 Giường đôi,15,4,0,1,415000
10610,09-01-2019,20,,1 Giường đôi,13,2,1,1,205000
10610,09-01-2019,25,,1 Giường đơn + 1 Giường đôi,13,3,1,1,205000
10610,09-01-2019,25,,2 Giường đôi,13,4,1,1,205000
10617,08-01-2019,15,,1 Giường đôi,12,2,0,1,196000
10617,08-01-2019,40,,8 Giường đơn,12,1,0,1,196000
10617,08-01-2019,30,Hướng phố,2 Giường đôi,12,4,0,1,196000
10617,09-01-2019,15,,1 Giường đôi,12,2,0,1,196000
10617,09-01-2019,40,,8 Giường đơn,12,1,0,1,196000
10617,09-01-2019,30,Hướng phố,2 Giường đôi,12,4,0,1,196000
10617,10-01-2019,15,,1 Giường đôi,12,2,0,1,196000
10617,10-01-2019,40,,8 Giường đơn,12,1,0,1,196000
10617,10-01-2019,30,Hướng phố,2 Giường đôi,12,4,0,1,196000
10617,11-01-2019,15,,1 Giường đôi,12,2,0,1,218000
10617,11-01-2019,40,,8 Giường đơn,12,1,0,1,218000
10617,11-01-2019,30,Hướng phố,2 Giường đôi,12,4,0,1,218000
10617,12-01-2019,15,,1 Giường đôi,12,2,0,1,218000
10617,12-01-2019,40,,8 Giường đơn,12,1,0,1,218000
10617,12-01-2019,30,Hướng phố,2 Giường đôi,12,4,0,1,218000
10633,08-01-2019,20,Hướng phố,1 Giường đôi,14,2,0,1,307000
10633,08-01-2019,35,Hướng phố,2 Giường đôi,14,4,0,1,307000
10633,08-01-2019,35,Hướng phố,1 Giường đôi,14,2,0,1,307000
10633,09-01-2019,20,Hướng phố,1 Giường đôi,14,2,0,1,307000
10633,09-01-2019,35,Hướng phố,2 Giường đôi,14,4,0,1,307000
10633,09-01-2019,35,Hướng phố,1 Giường đôi,14,2,0,1,307000
10633,10-01-2019,20,Hướng phố,1 Giường đôi,14,2,0,1,307000
10633,10-01-2019,35,Hướng phố,2 Giường đôi,14,4,0,1,307000
10633,10-01-2019,35,Hướng phố,1 Giường đôi,14,2,0,1,307000
10633,11-01-2019,20,Hướng phố,1 Giường đôi,14,2,0,1,359000
10633,11-01-2019,35,Hướng phố,1 Giường đôi,14,2,0,1,359000
10633,11-01-2019,35,Hướng phố,2 Giường đôi,14,4,0,1,359000
10633,12-01-2019,20,Hướng phố,1 Giường đôi,14,2,0,1,359000
10633,12-01-2019,35,Hướng phố,1 Giường đôi,14,2,0,1,359000
10633,12-01-2019,35,Hướng phố,2 Giường đôi,14,4,0,1,359000
10669,08-01-2019,20,Hướng vườn,1 Giường đôi,5,2,0,0,282000
10669,09-01-2019,20,Hướng vườn,1 Giường đôi,5,2,0,0,282000
10669,09-01-2019,23,Hướng một phần,2 Giường đôi,5,4,0,0,282000
10669,10-01-2019,20,Hướng vườn,1 Giường đôi,5,2,0,0,282000
10669,10-01-2019,23,Hướng một phần,2 Giường đôi,5,4,0,0,282000
10669,11-01-2019,20,Hướng vườn,1 Giường đôi,5,2,0,0,282000
10669,11-01-2019,23,Hướng một phần,2 Giường đôi,5,4,0,0,282000
10669,12-01-2019,20,Hướng vườn,1 Giường đôi,5,2,0,0,282000
10669,12-01-2019,23,Hướng một phần,2 Giường đôi,5,4,0,0,282000
11251,08-01-2019,15,,1 Giường đôi,9,2,0,1,225000
11251,08-01-2019,30,Hướng phố,2 Giường đôi,9,4,0,1,225000
11251,09-01-2019,15,,1 Giường đôi,9,2,0,1,225000
11251,09-01-2019,30,Hướng phố,2 Giường đôi,9,4,0,1,225000
11251,10-01-2019,15,,1 Giường đôi,9,2,0,1,225000
11251,10-01-2019,30,Hướng phố,2 Giường đôi,9,4,0,1,225000
11251,11-01-2019,15,,1 Giường đôi,9,2,0,1,250000
11251,11-01-2019,30,Hướng phố,2 Giường đôi,9,4,0,1,250000
11251,12-01-2019,15,,1 Giường đôi,9,2,0,1,250000
11251,12-01-2019,30,Hướng phố,2 Giường đôi,9,4,0,1,250000
10775,08-01-2019,15,Hướng phố,1 Giường đôi,8,2,0,0,256000
10775,08-01-2019,20,Hướng phố,2 Giường đôi,8,4,0,0,256000
10775,08-01-2019,25,Hướng vườn,3 Giường đôi,8,6,0,0,256000
10775,09-01-2019,15,Hướng phố,1 Giường đôi,8,2,0,0,256000
10775,09-01-2019,20,Hướng phố,2 Giường đôi,8,4,0,0,256000
10775,09-01-2019,25,Hướng vườn,3 Giường đôi,8,6,0,0,256000
10775,10-01-2019,15,Hướng phố,1 Giường đôi,8,2,0,0,256000
10775,10-01-2019,20,Hướng phố,2 Giường đôi,8,4,0,0,256000
10775,10-01-2019,25,Hướng vườn,3 Giường đôi,8,6,0,0,256000
10775,11-01-2019,15,Hướng phố,1 Giường đôi,8,2,0,0,307000
10775,11-01-2019,20,Hướng phố,2 Giường đôi,8,4,0,0,307000
10775,11-01-2019,25,Hướng vườn,3 Giường đôi,8,6,0,0,307000
10775,12-01-2019,15,Hướng phố,1 Giường đôi,8,2,0,0,307000
10775,12-01-2019,20,Hướng phố,2 Giường đôi,8,4,0,0,307000
10775,12-01-2019,25,Hướng vườn,3 Giường đôi,8,6,0,0,307000
10818,08-01-2019,16,Hướng một phần,1 Giường đôi,0,2,0,0,305000
10818,08-01-2019,20,Hướng một phần,2 Giường đôi,0,4,0,0,305000
10818,09-01-2019,16,Hướng một phần,1 Giường đôi,0,2,0,0,305000
10818,09-01-2019,20,Hướng một phần,2 Giường đôi,0,4,0,0,305000
10818,10-01-2019,16,Hướng một phần,1 Giường đôi,0,2,0,0,305000
10818,10-01-2019,20,Hướng một phần,2 Giường đôi,0,4,0,0,305000
10818,11-01-2019,16,Hướng một phần,1 Giường đôi,0,2,0,0,305000
10818,11-01-2019,20,Hướng một phần,2 Giường đôi,0,4,0,0,305000
10818,12-01-2019,16,Hướng một phần,1 Giường đôi,0,2,0,0,305000
10818,12-01-2019,20,Hướng một phần,2 Giường đôi,0,4,0,0,305000
13423,08-01-2019,24,Hướng phố,1 Giường đôi,7,2,0,1,600000
13423,08-01-2019,26,,2 Giường đôi,7,4,0,1,600000
13423,08-01-2019,28,,3 Giường đôi,7,6,0,1,600000
13423,09-01-2019,24,Hướng phố,1 Giường đôi,7,2,0,1,600000
13423,09-01-2019,26,,2 Giường đôi,7,4,0,1,600000
13423,09-01-2019,28,,3 Giường đôi,7,6,0,1,600000
13423,10-01-2019,26,,2 Giường đôi,7,4,0,1,720000
13423,10-01-2019,28,,3 Giường đôi,7,6,0,1,720000
13423,11-01-2019,26,,2 Giường đôi,7,4,0,0,900000
13423,12-01-2019,26,,2 Giường đôi,7,4,0,0,900000
13838,08-01-2019,18,Hướng phố,1 Giường đôi lớn,7,2,0,1,174000
12756,08-01-2019,20,Hướng phố,1 Giường đôi,5,2,0,1,244000
12756,08-01-2019,20,Hướng phố,1 Giường đôi,5,2,0,1,244000
12756,08-01-2019,22,Hướng phố,2 Giường đôi,5,4,0,1,244000
12756,09-01-2019,20,Hướng phố,1 Giường đôi,5,2,0,1,244000
12756,09-01-2019,22,Hướng phố,2 Giường đôi,5,4,0,1,244000
12756,10-01-2019,20,Hướng phố,1 Giường đôi,5,2,0,1,244000
12756,10-01-2019,22,Hướng phố,2 Giường đôi,5,4,0,1,244000
12756,11-01-2019,20,Hướng phố,1 Giường đôi,5,2,0,1,244000
12756,11-01-2019,22,Hướng phố,2 Giường đôi,5,4,0,1,244000
12756,12-01-2019,20,Hướng phố,1 Giường đôi,5,2,0,1,244000
12756,12-01-2019,22,Hướng phố,2 Giường đôi,5,4,0,1,244000
13649,08-01-2019,30,,1 Giường đôi,14,2,1,0,479000
13649,08-01-2019,35,,1 Giường đôi,14,2,1,0,479000
13649,08-01-2019,35,,1 Giường đôi,14,2,1,0,479000
13117,08-01-2019,16,Có cửa sổ (không hướng),1 Giường đôi rất lớn,5,2,0,1,387000
13117,08-01-2019,22,Hướng phố,1 Giường đôi rất lớn,5,2,0,1,387000
13117,08-01-2019,21,Có cửa sổ (không hướng),2 Giường đôi lớn,5,4,0,1,387000
13117,08-01-2019,25,Hướng phố,2 Giường đôi lớn,5,4,0,1,387000
13117,09-01-2019,15,,1 Giường đôi lớn,5,2,0,1,345000
13117,09-01-2019,16,Có cửa sổ (không hướng),1 Giường đôi rất lớn,5,2,0,1,345000
13117,09-01-2019,22,Hướng phố,1 Giường đôi rất lớn,5,2,0,1,345000
13117,09-01-2019,21,Có cửa sổ (không hướng),2 Giường đôi lớn,5,4,0,1,345000
13117,09-01-2019,25,Hướng phố,2 Giường đôi lớn,5,4,0,1,345000
13117,10-01-2019,15,,1 Giường đôi lớn,5,2,0,1,345000
13117,10-01-2019,16,Có cửa sổ (không hướng),1 Giường đôi rất lớn,5,2,0,1,345000
13117,10-01-2019,22,Hướng phố,1 Giường đôi rất lớn,5,2,0,1,345000
13117,10-01-2019,21,Có cửa sổ (không hướng),2 Giường đôi lớn,5,4,0,1,345000
13117,10-01-2019,25,Hướng phố,2 Giường đôi lớn,5,4,0,1,345000
13117,11-01-2019,15,,1 Giường đôi lớn,5,2,0,0,383000
13117,11-01-2019,22,Hướng phố,1 Giường đôi rất lớn,5,2,0,0,383000
13117,11-01-2019,21,Có cửa sổ (không hướng),2 Giường đôi lớn,5,4,0,0,383000
13117,11-01-2019,25,Hướng phố,2 Giường đôi lớn,5,4,0,0,383000
13117,12-01-2019,22,Hướng phố,1 Giường đôi rất lớn,5,2,0,0,527000
13117,12-01-2019,21,Có cửa sổ (không hướng),2 Giường đôi lớn,5,4,0,0,527000
13117,12-01-2019,25,Hướng phố,2 Giường đôi lớn,5,4,0,0,527000
13536,08-01-2019,14,,1 Giường đôi,5,2,0,1,157000
13536,08-01-2019,16,,2 Giường đôi,5,4,0,1,157000
13536,08-01-2019,20,,4 Giường đôi,5,8,0,1,157000
13622,08-01-2019,30,Hướng một phần,2 Giường đôi,10,4,0,0,614000
13622,08-01-2019,20,Hướng một phần,1 Giường đôi,10,2,0,0,614000
13622,09-01-2019,30,Hướng một phần,2 Giường đôi,10,4,0,0,614000
13622,09-01-2019,20,Hướng một phần,1 Giường đôi,10,2,0,0,614000
13622,10-01-2019,30,Hướng một phần,2 Giường đôi,10,4,0,0,614000
13622,10-01-2019,20,Hướng một phần,1 Giường đôi,10,2,0,0,614000
13622,11-01-2019,30,Hướng một phần,2 Giường đôi,10,4,0,0,614000
13622,11-01-2019,20,Hướng một phần,1 Giường đôi,10,2,0,0,614000
13622,12-01-2019,20,Hướng một phần,1 Giường đôi,10,2,0,0,410000
